Date,SST,SOI,month,SST_Climatology,SST_Anomaly,SOI_lag_1,SOI_lag_2,SOI_lag_3,month_sin,month_cos,SST_Anomaly_lag_1,SST_Anomaly_lag_2,SST_Anomaly_lag_3,ENSO_Label,ONI,ENSO_Phase
1981-12-01,26.184101,0.5,12,26.522655,-0.33855438,0.2,-0.4,0.3,-2.4492935982947064e-16,1.0,-0.5920086,-0.18071365,-0.3438244,1,-0.1,Neutral
1982-01-01,26.583525,1.2,1,26.448738,0.1347866,0.5,0.2,-0.4,0.49999999999999994,0.8660254037844387,-0.33855438,-0.5920086,-0.18071365,1,-0.1,Neutral
1982-02-01,26.45504,0.3,2,26.640648,-0.18560791,1.2,0.5,0.2,0.8660254037844386,0.5000000000000001,0.1347866,-0.33855438,-0.5920086,1,-0.1,Neutral
1982-03-01,27.034319,0.6,3,27.137852,-0.10353279,0.3,1.2,0.5,1.0,6.123233995736766e-17,-0.18560791,0.1347866,-0.33855438,1,-0.3,Neutral
1982-04-01,27.782715,0.1,4,27.688173,0.09454155,0.6,0.3,1.2,0.8660254037844387,-0.4999999999999998,-0.10353279,-0.18560791,0.1347866,1,0.1,Neutral
1982-05-01,28.32491,-0.3,5,27.753109,0.57180023,0.1,0.6,0.3,0.49999999999999994,-0.8660254037844387,0.09454155,-0.10353279,-0.18560791,1,0.2,Neutral
1982-06-01,28.318104,-1.0,6,27.59718,0.7209244,-0.3,0.1,0.6,1.2246467991473532e-16,-1.0,0.57180023,0.09454155,-0.10353279,2,0.5,El Niño
1982-07-01,27.516773,-1.5,7,27.18561,0.3311634,-1.0,-0.3,0.1,-0.4999999999999997,-0.8660254037844388,0.7209244,0.57180023,0.09454155,2,0.7,El Niño
1982-08-01,27.732328,-1.7,8,26.803362,0.9289665,-1.5,-1.0,-0.3,-0.8660254037844384,-0.5000000000000004,0.3311634,0.7209244,0.57180023,2,0.7,El Niño
1982-09-01,27.98785,-1.7,9,26.689117,1.2987328,-1.7,-1.5,-1.0,-1.0,-1.8369701987210297e-16,0.9289665,0.3311634,0.7209244,2,0.8,El Niño
1982-10-01,28.516157,-1.7,10,26.646967,1.8691902,-1.7,-1.7,-1.5,-0.8660254037844386,0.5000000000000001,1.2987328,0.9289665,0.3311634,2,1.1,El Niño
1982-11-01,28.520462,-2.6,11,26.667572,1.85289,-1.7,-1.7,-1.7,-0.5000000000000004,0.8660254037844384,1.8691902,1.2987328,0.9289665,2,1.6,El Niño
1982-12-01,28.873524,-2.2,12,26.522655,2.3508682,-2.6,-1.7,-1.7,-2.4492935982947064e-16,1.0,1.85289,1.8691902,1.2987328,2,2.0,El Niño
1983-01-01,28.718637,-3.5,1,26.448738,2.2698994,-2.2,-2.6,-1.7,0.49999999999999994,0.8660254037844387,2.3508682,1.85289,1.8691902,2,2.2,El Niño
1983-02-01,28.558792,-3.6,2,26.640648,1.9181442,-3.5,-2.2,-2.6,0.8660254037844386,0.5000000000000001,2.2698994,2.3508682,1.85289,2,2.2,El Niño
1983-03-01,28.477703,-2.4,3,27.137852,1.3398514,-3.6,-3.5,-2.2,1.0,6.123233995736766e-17,1.9181442,2.2698994,2.3508682,1,0.0,Neutral
1983-04-01,28.506384,-0.9,4,27.688173,0.8182106,-2.4,-3.6,-3.5,0.8660254037844387,-0.4999999999999998,1.3398514,1.9181442,2.2698994,2,1.9,El Niño
1983-05-01,28.552773,0.6,5,27.753109,0.79966354,-0.9,-2.4,-3.6,0.49999999999999994,-0.8660254037844387,0.8182106,1.3398514,1.9181442,2,1.5,El Niño
1983-06-01,28.123856,0.0,6,27.59718,0.5266762,0.6,-0.9,-2.4,1.2246467991473532e-16,-1.0,0.79966354,0.8182106,1.3398514,2,1.3,El Niño
1983-07-01,26.85689,-0.6,7,27.18561,-0.3287201,0.0,0.6,-0.9,-0.4999999999999997,-0.8660254037844388,0.5266762,0.79966354,0.8182106,2,1.1,El Niño
1983-08-01,26.345356,0.1,8,26.803362,-0.4580059,-0.6,0.0,0.6,-0.8660254037844384,-0.5000000000000004,-0.3287201,0.5266762,0.79966354,2,0.7,El Niño
1983-09-01,26.26738,0.9,9,26.689117,-0.42173767,0.1,-0.6,0.0,-1.0,-1.8369701987210297e-16,-0.4580059,-0.3287201,0.5266762,1,0.3,Neutral
1983-10-01,25.616476,0.4,10,26.646967,-1.0304909,0.9,0.1,-0.6,-0.8660254037844386,0.5000000000000001,-0.42173767,-0.4580059,-0.3287201,1,-0.1,Neutral
1983-11-01,25.378511,-0.1,11,26.667572,-1.2890606,0.4,0.9,0.1,-0.5000000000000004,0.8660254037844384,-1.0304909,-0.42173767,-0.4580059,0,-0.5,La Niña
1983-12-01,25.349157,0.0,12,26.522655,-1.1734982,-0.1,0.4,0.9,-2.4492935982947064e-16,1.0,-1.2890606,-1.0304909,-0.42173767,0,-0.8,La Niña
1984-01-01,25.4886,0.2,1,26.448738,-0.9601383,0.0,-0.1,0.4,0.49999999999999994,0.8660254037844387,-1.1734982,-1.2890606,-1.0304909,0,-0.9,La Niña
1984-02-01,26.510902,0.9,2,26.640648,-0.12974548,0.2,0.0,-0.1,0.8660254037844386,0.5000000000000001,-0.9601383,-1.1734982,-1.2890606,0,-0.9,La Niña
1984-03-01,26.638172,-0.2,3,27.137852,-0.49967957,0.9,0.2,0.0,1.0,6.123233995736766e-17,-0.12974548,-0.9601383,-1.1734982,2,2.2,El Niño
1984-04-01,27.227732,0.3,4,27.688173,-0.4604416,-0.2,0.9,0.2,0.8660254037844387,-0.4999999999999998,-0.49967957,-0.12974548,-0.9601383,1,-0.4,Neutral
1984-05-01,27.125025,0.2,5,27.753109,-0.6280842,0.3,-0.2,0.9,0.49999999999999994,-0.8660254037844387,-0.4604416,-0.49967957,-0.12974548,1,-0.3,Neutral
1984-06-01,26.57954,-0.3,6,27.59718,-1.0176392,0.2,0.3,-0.2,1.2246467991473532e-16,-1.0,-0.6280842,-0.4604416,-0.49967957,1,-0.4,Neutral
1984-07-01,26.535576,0.2,7,27.18561,-0.65003395,-0.3,0.2,0.3,-0.4999999999999997,-0.8660254037844388,-1.0176392,-0.6280842,-0.4604416,0,-0.5,La Niña
1984-08-01,26.290085,0.4,8,26.803362,-0.51327705,0.2,-0.3,0.2,-0.8660254037844384,-0.5000000000000004,-0.65003395,-1.0176392,-0.6280842,1,-0.4,Neutral
1984-09-01,26.273235,0.1,9,26.689117,-0.4158821,0.4,0.2,-0.3,-1.0,-1.8369701987210297e-16,-0.51327705,-0.65003395,-1.0176392,1,-0.3,Neutral
1984-10-01,25.92423,-0.3,10,26.646967,-0.72273636,0.1,0.4,0.2,-0.8660254037844386,0.5000000000000001,-0.4158821,-0.51327705,-0.65003395,1,-0.2,Neutral
1984-11-01,25.383427,0.3,11,26.667572,-1.2841454,-0.3,0.1,0.4,-0.5000000000000004,0.8660254037844384,-0.72273636,-0.4158821,-0.51327705,1,-0.2,Neutral
1984-12-01,25.040703,-0.1,12,26.522655,-1.4819527,0.3,-0.3,0.1,-2.4492935982947064e-16,1.0,-1.2841454,-0.72273636,-0.4158821,0,-0.6,La Niña
1985-01-01,25.162136,-0.3,1,26.448738,-1.286602,-0.1,0.3,-0.3,0.49999999999999994,0.8660254037844387,-1.4819527,-1.2841454,-0.72273636,0,-1.1,La Niña
1985-02-01,25.726883,1.2,2,26.640648,-0.91376495,-0.3,-0.1,0.3,0.8660254037844386,0.5000000000000001,-1.286602,-1.4819527,-1.2841454,0,-1.1,La Niña
1985-03-01,26.272211,0.8,3,27.137852,-0.86564064,1.2,-0.3,-0.1,1.0,6.123233995736766e-17,-0.91376495,-1.286602,-1.4819527,0,-0.6,La Niña
1985-04-01,26.629194,1.2,4,27.688173,-1.058979,0.8,1.2,-0.3,0.8660254037844387,-0.4999999999999998,-0.86564064,-0.91376495,-1.286602,0,-0.8,La Niña
1985-05-01,26.732206,0.4,5,27.753109,-1.0209026,1.2,0.8,1.2,0.49999999999999994,-0.8660254037844387,-1.058979,-0.86564064,-0.91376495,0,-0.8,La Niña
1985-06-01,26.559,-0.4,6,27.59718,-1.0381794,0.4,1.2,0.8,1.2246467991473532e-16,-1.0,-1.0209026,-1.058979,-0.86564064,0,-0.8,La Niña
1985-07-01,26.43971,-0.1,7,27.18561,-0.7458992,-0.4,0.4,1.2,-0.4999999999999997,-0.8660254037844388,-1.0381794,-1.0209026,-1.058979,0,-0.8,La Niña
1985-08-01,26.200602,1.0,8,26.803362,-0.6027603,-0.1,-0.4,0.4,-0.8660254037844384,-0.5000000000000004,-0.7458992,-1.0381794,-1.0209026,0,-0.6,La Niña
1985-09-01,25.90171,0.0,9,26.689117,-0.7874069,1.0,-0.1,-0.4,-1.0,-1.8369701987210297e-16,-0.6027603,-0.7458992,-1.0381794,0,-0.5,La Niña
1985-10-01,25.948742,-0.4,10,26.646967,-0.698225,0.0,1.0,-0.1,-0.8660254037844386,0.5000000000000001,-0.7874069,-0.6027603,-0.7458992,0,-0.5,La Niña
1985-11-01,26.175632,-0.2,11,26.667572,-0.49193954,-0.4,0.0,1.0,-0.5000000000000004,0.8660254037844384,-0.698225,-0.7874069,-0.6027603,1,-0.4,Neutral
1985-12-01,25.988195,0.2,12,26.522655,-0.53446007,-0.2,-0.4,0.0,-2.4492935982947064e-16,1.0,-0.49193954,-0.698225,-0.7874069,1,-0.3,Neutral
1986-01-01,25.767262,1.0,1,26.448738,-0.6814766,0.2,-0.2,-0.4,0.49999999999999994,0.8660254037844387,-0.53446007,-0.49193954,-0.698225,1,-0.4,Neutral
1986-02-01,25.857658,-1.0,2,26.640648,-0.7829895,1.0,0.2,-0.2,0.8660254037844386,0.5000000000000001,-0.6814766,-0.53446007,-0.49193954,1,-0.4,Neutral
1986-03-01,26.568628,0.5,3,27.137852,-0.5692234,-1.0,1.0,0.2,1.0,6.123233995736766e-17,-0.7829895,-0.6814766,-0.53446007,0,-1.0,La Niña
1986-04-01,27.236773,0.3,4,27.688173,-0.45140076,0.5,-1.0,1.0,0.8660254037844387,-0.4999999999999998,-0.5692234,-0.7829895,-0.6814766,0,-0.5,La Niña
1986-05-01,27.260157,-0.2,5,27.753109,-0.49295235,0.3,0.5,-1.0,0.49999999999999994,-0.8660254037844387,-0.45140076,-0.5692234,-0.7829895,1,-0.3,Neutral
1986-06-01,27.330805,1.0,6,27.59718,-0.2663746,-0.2,0.3,0.5,1.2246467991473532e-16,-1.0,-0.49295235,-0.45140076,-0.5692234,1,-0.2,Neutral
1986-07-01,27.216106,0.3,7,27.18561,0.030496597,1.0,-0.2,0.3,-0.4999999999999997,-0.8660254037844388,-0.2663746,-0.49295235,-0.45140076,1,-0.1,Neutral
1986-08-01,27.056667,-0.4,8,26.803362,0.25330544,0.3,1.0,-0.2,-0.8660254037844384,-0.5000000000000004,0.030496597,-0.2663746,-0.49295235,1,0.0,Neutral
1986-09-01,27.126226,-0.5,9,26.689117,0.437109,-0.4,0.3,1.0,-1.0,-1.8369701987210297e-16,0.25330544,0.030496597,-0.2663746,1,0.2,Neutral
1986-10-01,27.243227,0.6,10,26.646967,0.5962601,-0.5,-0.4,0.3,-0.8660254037844386,0.5000000000000001,0.437109,0.25330544,0.030496597,1,0.4,Neutral
1986-11-01,27.313992,-1.2,11,26.667572,0.6464195,0.6,-0.5,-0.4,-0.5000000000000004,0.8660254037844384,0.5962601,0.437109,0.25330544,2,0.7,El Niño
1986-12-01,27.434446,-1.4,12,26.522655,0.91179085,-1.2,0.6,-0.5,-2.4492935982947064e-16,1.0,0.6464195,0.5962601,0.437109,2,0.9,El Niño
1987-01-01,27.482958,-0.7,1,26.448738,1.0342197,-1.4,-1.2,0.6,0.49999999999999994,0.8660254037844387,0.91179085,0.6464195,0.5962601,2,1.2,El Niño
1987-02-01,27.520016,-1.2,2,26.640648,0.8793678,-0.7,-1.4,-1.2,0.8660254037844386,0.5000000000000001,1.0342197,0.91179085,0.6464195,2,1.2,El Niño
1987-03-01,28.103453,-1.3,3,27.137852,0.96560097,-1.2,-0.7,-1.4,1.0,6.123233995736766e-17,0.8793678,1.0342197,0.91179085,0,-0.5,La Niña
1987-04-01,28.23902,-1.4,4,27.688173,0.5508461,-1.3,-1.2,-0.7,0.8660254037844387,-0.4999999999999998,0.96560097,0.8793678,1.0342197,2,1.2,El Niño
1987-05-01,28.18028,-1.3,5,27.753109,0.4271717,-1.4,-1.3,-1.2,0.49999999999999994,-0.8660254037844387,0.5508461,0.96560097,0.8793678,2,1.1,El Niño
1987-06-01,28.42984,-1.1,6,27.59718,0.8326607,-1.3,-1.4,-1.3,1.2246467991473532e-16,-1.0,0.4271717,0.5508461,0.96560097,2,0.9,El Niño
1987-07-01,28.328272,-1.4,7,27.18561,1.142662,-1.1,-1.3,-1.4,-0.4999999999999997,-0.8660254037844388,0.8326607,0.4271717,0.5508461,2,1.0,El Niño
1987-08-01,28.073002,-0.9,8,26.803362,1.26964,-1.4,-1.1,-1.3,-0.8660254037844384,-0.5000000000000004,1.142662,0.8326607,0.4271717,2,1.2,El Niño
1987-09-01,28.044813,-1.0,9,26.689117,1.3556957,-0.9,-1.4,-1.1,-1.0,-1.8369701987210297e-16,1.26964,1.142662,0.8326607,2,1.5,El Niño
1987-10-01,27.68347,-0.4,10,26.646967,1.0365028,-1.0,-0.9,-1.4,-0.8660254037844386,0.5000000000000001,1.3556957,1.26964,1.142662,2,1.7,El Niño
1987-11-01,27.604898,0.0,11,26.667572,0.93732643,-0.4,-1.0,-0.9,-0.5000000000000004,0.8660254037844384,1.0365028,1.3556957,1.26964,2,1.6,El Niño
1987-12-01,27.342646,-0.5,12,26.522655,0.81999016,0.0,-0.4,-1.0,-2.4492935982947064e-16,1.0,0.93732643,1.0365028,1.3556957,2,1.5,El Niño
1988-01-01,27.171257,-0.1,1,26.448738,0.7225189,-0.5,0.0,-0.4,0.49999999999999994,0.8660254037844387,0.81999016,0.93732643,1.0365028,2,1.1,El Niño
1988-02-01,26.883091,-0.4,2,26.640648,0.24244308,-0.1,-0.5,0.0,0.8660254037844386,0.5000000000000001,0.7225189,0.81999016,0.93732643,2,1.1,El Niño
1988-03-01,27.222605,0.6,3,27.137852,0.08475304,-0.4,-0.1,-0.5,1.0,6.123233995736766e-17,0.24244308,0.7225189,0.81999016,2,1.2,El Niño
1988-04-01,27.174715,0.1,4,27.688173,-0.51345825,0.6,-0.4,-0.1,0.8660254037844387,-0.4999999999999998,0.08475304,0.24244308,0.7225189,2,0.5,El Niño
1988-05-01,26.40947,0.9,5,27.753109,-1.3436394,0.1,0.6,-0.4,0.49999999999999994,-0.8660254037844387,-0.51345825,0.08475304,0.24244308,1,0.1,Neutral
1988-06-01,25.879934,0.1,6,27.59718,-1.7172451,0.9,0.1,0.6,1.2246467991473532e-16,-1.0,-1.3436394,-0.51345825,0.08475304,1,-0.3,Neutral
1988-07-01,25.452179,1.0,7,27.18561,-1.7334309,0.1,0.9,0.1,-0.4999999999999997,-0.8660254037844388,-1.7172451,-1.3436394,-0.51345825,0,-0.9,La Niña
1988-08-01,25.368246,1.5,8,26.803362,-1.4351158,1.0,0.1,0.9,-0.8660254037844384,-0.5000000000000004,-1.7334309,-1.7172451,-1.3436394,0,-1.3,La Niña
1988-09-01,25.754126,1.8,9,26.689117,-0.93499184,1.5,1.0,0.1,-1.0,-1.8369701987210297e-16,-1.4351158,-1.7334309,-1.7172451,0,-1.3,La Niña
1988-10-01,24.619856,1.4,10,26.646967,-2.027111,1.8,1.5,1.0,-0.8660254037844386,0.5000000000000001,-0.93499184,-1.4351158,-1.7334309,0,-1.1,La Niña
1988-11-01,24.46862,1.7,11,26.667572,-2.1989517,1.4,1.8,1.5,-0.5000000000000004,0.8660254037844384,-2.027111,-0.93499184,-1.4351158,0,-1.2,La Niña
1988-12-01,24.512772,1.2,12,26.522655,-2.0098839,1.7,1.4,1.8,-2.4492935982947064e-16,1.0,-2.1989517,-2.027111,-0.93499184,0,-1.5,La Niña
1989-01-01,24.448359,1.5,1,26.448738,-2.0003796,1.2,1.7,1.4,0.49999999999999994,0.8660254037844387,-2.0098839,-2.1989517,-2.027111,0,-1.8,La Niña
1989-02-01,25.163872,1.2,2,26.640648,-1.4767761,1.5,1.2,1.7,0.8660254037844386,0.5000000000000001,-2.0003796,-2.0098839,-2.1989517,0,-1.8,La Niña
1989-03-01,25.696878,1.1,3,27.137852,-1.4409733,1.2,1.5,1.2,1.0,6.123233995736766e-17,-1.4767761,-2.0003796,-2.0098839,2,0.8,El Niño
1989-04-01,26.411278,1.6,4,27.688173,-1.2768955,1.1,1.2,1.5,0.8660254037844387,-0.4999999999999998,-1.4409733,-1.4767761,-2.0003796,0,-1.4,La Niña
1989-05-01,26.925062,1.2,5,27.753109,-0.8280468,1.6,1.1,1.2,0.49999999999999994,-0.8660254037844387,-1.2768955,-1.4409733,-1.4767761,0,-1.1,La Niña
1989-06-01,26.990847,0.7,6,27.59718,-0.6063328,1.2,1.6,1.1,1.2246467991473532e-16,-1.0,-0.8280468,-1.2768955,-1.4409733,0,-0.8,La Niña
1989-07-01,26.681242,0.9,7,27.18561,-0.5043678,0.7,1.2,1.6,-0.4999999999999997,-0.8660254037844388,-0.6063328,-0.8280468,-1.2768955,0,-0.6,La Niña
1989-08-01,26.128008,-0.3,8,26.803362,-0.675354,0.9,0.7,1.2,-0.8660254037844384,-0.5000000000000004,-0.5043678,-0.6063328,-0.8280468,1,-0.4,Neutral
1989-09-01,26.195408,0.5,9,26.689117,-0.49370956,-0.3,0.9,0.7,-1.0,-1.8369701987210297e-16,-0.675354,-0.5043678,-0.6063328,1,-0.3,Neutral
1989-10-01,26.142572,0.8,10,26.646967,-0.50439453,0.5,-0.3,0.9,-0.8660254037844386,0.5000000000000001,-0.49370956,-0.675354,-0.5043678,1,-0.3,Neutral
1989-11-01,26.128708,-0.2,11,26.667572,-0.53886414,0.8,0.5,-0.3,-0.5000000000000004,0.8660254037844384,-0.50439453,-0.49370956,-0.675354,1,-0.2,Neutral
1989-12-01,26.389977,-0.5,12,26.522655,-0.13267899,-0.2,0.8,0.5,-2.4492935982947064e-16,1.0,-0.53886414,-0.50439453,-0.49370956,1,-0.2,Neutral
1990-01-01,26.39617,-0.1,1,26.448738,-0.052568436,-0.5,-0.2,0.8,0.49999999999999994,0.8660254037844387,-0.13267899,-0.53886414,-0.50439453,1,-0.1,Neutral
1990-02-01,26.686693,-1.8,2,26.640648,0.046045303,-0.1,-0.5,-0.2,0.8660254037844386,0.5000000000000001,-0.052568436,-0.13267899,-0.53886414,1,-0.1,Neutral
1990-03-01,27.003372,-0.4,3,27.137852,-0.13447952,-1.8,-0.1,-0.5,1.0,6.123233995736766e-17,0.046045303,-0.052568436,-0.13267899,0,-1.7,La Niña
1990-04-01,27.709036,0.2,4,27.688173,0.02086258,-0.4,-1.8,-0.1,0.8660254037844387,-0.4999999999999998,-0.13447952,0.046045303,-0.052568436,1,0.2,Neutral
1990-05-01,27.89364,1.2,5,27.753109,0.14053154,0.2,-0.4,-1.8,0.49999999999999994,-0.8660254037844387,0.02086258,-0.13447952,0.046045303,1,0.3,Neutral
1990-06-01,27.39352,0.3,6,27.59718,-0.20365906,1.2,0.2,-0.4,1.2246467991473532e-16,-1.0,0.14053154,0.02086258,-0.13447952,1,0.3,Neutral
1990-07-01,27.238018,0.5,7,27.18561,0.05240822,0.3,1.2,0.2,-0.4999999999999997,-0.8660254037844388,-0.20365906,0.14053154,0.02086258,1,0.3,Neutral
1990-08-01,26.943356,-0.2,8,26.803362,0.13999367,0.5,0.3,1.2,-0.8660254037844384,-0.5000000000000004,0.05240822,-0.20365906,0.14053154,1,0.3,Neutral
1990-09-01,26.659695,-0.7,9,26.689117,-0.02942276,-0.2,0.5,0.3,-1.0,-1.8369701987210297e-16,0.13999367,0.05240822,-0.20365906,1,0.3,Neutral
1990-10-01,26.888048,0.3,10,26.646967,0.24108124,-0.7,-0.2,0.5,-0.8660254037844386,0.5000000000000001,-0.02942276,0.13999367,0.05240822,1,0.4,Neutral
1990-11-01,26.652573,-0.5,11,26.667572,-0.01499939,0.3,-0.7,-0.2,-0.5000000000000004,0.8660254037844384,0.24108124,-0.02942276,0.13999367,1,0.4,Neutral
1990-12-01,26.800648,-0.2,12,26.522655,0.27799225,-0.5,0.3,-0.7,-2.4492935982947064e-16,1.0,-0.01499939,0.24108124,-0.02942276,1,0.3,Neutral
1991-01-01,26.842781,0.6,1,26.448738,0.39404297,-0.2,-0.5,0.3,0.49999999999999994,0.8660254037844387,0.27799225,-0.01499939,0.24108124,1,0.4,Neutral
1991-02-01,26.818352,0.3,2,26.640648,0.17770386,0.6,-0.2,-0.5,0.8660254037844386,0.5000000000000001,0.39404297,0.27799225,-0.01499939,1,0.4,Neutral
1991-03-01,27.100023,-0.7,3,27.137852,-0.037828445,0.3,0.6,-0.2,1.0,6.123233995736766e-17,0.17770386,0.39404297,0.27799225,1,0.1,Neutral
1991-04-01,27.857542,-0.6,4,27.688173,0.16936874,-0.7,0.3,0.6,0.8660254037844387,-0.4999999999999998,-0.037828445,0.17770386,0.39404297,1,0.3,Neutral
1991-05-01,28.10468,-1.0,5,27.753109,0.35157013,-0.6,-0.7,0.3,0.49999999999999994,-0.8660254037844387,0.16936874,-0.037828445,0.17770386,1,0.2,Neutral
1991-06-01,28.071352,-0.1,6,27.59718,0.4741726,-1.0,-0.6,-0.7,1.2246467991473532e-16,-1.0,0.35157013,0.16936874,-0.037828445,1,0.3,Neutral
1991-07-01,27.729414,0.0,7,27.18561,0.54380417,-0.1,-1.0,-0.6,-0.4999999999999997,-0.8660254037844388,0.4741726,0.35157013,0.16936874,2,0.5,El Niño
1991-08-01,27.46011,-0.4,8,26.803362,0.6567478,0.0,-0.1,-1.0,-0.8660254037844384,-0.5000000000000004,0.54380417,0.4741726,0.35157013,2,0.6,El Niño
1991-09-01,26.99846,-1.5,9,26.689117,0.30934334,-0.4,0.0,-0.1,-1.0,-1.8369701987210297e-16,0.6567478,0.54380417,0.4741726,2,0.7,El Niño
1991-10-01,27.353075,-1.0,10,26.646967,0.7061081,-1.5,-0.4,0.0,-0.8660254037844386,0.5000000000000001,0.30934334,0.6567478,0.54380417,2,0.6,El Niño
1991-11-01,27.667767,-0.7,11,26.667572,1.0001945,-1.0,-1.5,-0.4,-0.5000000000000004,0.8660254037844384,0.7061081,0.30934334,0.6567478,2,0.6,El Niño
1991-12-01,28.131927,-1.8,12,26.522655,1.609272,-0.7,-1.0,-1.5,-2.4492935982947064e-16,1.0,1.0001945,0.7061081,0.30934334,2,0.8,El Niño
1992-01-01,28.238914,-2.9,1,26.448738,1.7901764,-1.8,-0.7,-1.0,0.49999999999999994,0.8660254037844387,1.609272,1.0001945,0.7061081,2,1.5,El Niño
1992-02-01,28.290546,-0.9,2,26.640648,1.6498985,-2.9,-1.8,-0.7,0.8660254037844386,0.5000000000000001,1.7901764,1.609272,1.0001945,2,1.5,El Niño
1992-03-01,28.394598,-2.0,3,27.137852,1.2567463,-0.9,-2.9,-1.8,1.0,6.123233995736766e-17,1.6498985,1.7901764,1.609272,1,0.4,Neutral
1992-04-01,28.811857,-1.0,4,27.688173,1.1236839,-2.0,-0.9,-2.9,0.8660254037844387,-0.4999999999999998,1.2567463,1.6498985,1.7901764,2,1.6,El Niño
1992-05-01,28.77772,0.3,5,27.753109,1.0246105,-1.0,-2.0,-0.9,0.49999999999999994,-0.8660254037844387,1.1236839,1.2567463,1.6498985,2,1.5,El Niño
1992-06-01,28.068201,-0.6,6,27.59718,0.47102165,0.3,-1.0,-2.0,1.2246467991473532e-16,-1.0,1.0246105,1.1236839,1.2567463,2,1.3,El Niño
1992-07-01,27.386274,-0.6,7,27.18561,0.20066452,-0.6,0.3,-1.0,-0.4999999999999997,-0.8660254037844388,0.47102165,1.0246105,1.1236839,2,1.1,El Niño
1992-08-01,26.742172,0.4,8,26.803362,-0.06118965,-0.6,-0.6,0.3,-0.8660254037844384,-0.5000000000000004,0.20066452,0.47102165,1.0246105,2,0.7,El Niño
1992-09-01,26.523535,0.1,9,26.689117,-0.16558266,0.4,-0.6,-0.6,-1.0,-1.8369701987210297e-16,-0.06118965,0.20066452,0.47102165,1,0.4,Neutral
1992-10-01,26.171059,-1.4,10,26.646967,-0.47590828,0.1,0.4,-0.6,-0.8660254037844386,0.5000000000000001,-0.16558266,-0.06118965,0.20066452,1,0.1,Neutral
1992-11-01,26.566402,-0.7,11,26.667572,-0.101169586,-1.4,0.1,0.4,-0.5000000000000004,0.8660254037844384,-0.47590828,-0.16558266,-0.06118965,1,-0.1,Neutral
1992-12-01,26.724789,-0.6,12,26.522655,0.20213318,-0.7,-1.4,0.1,-2.4492935982947064e-16,1.0,-0.101169586,-0.47590828,-0.16558266,1,-0.2,Neutral
1993-01-01,26.647171,-0.9,1,26.448738,0.19843292,-0.6,-0.7,-1.4,0.49999999999999994,0.8660254037844387,0.20213318,-0.101169586,-0.47590828,1,-0.1,Neutral
1993-02-01,26.998009,-0.7,2,26.640648,0.35736084,-0.9,-0.6,-0.7,0.8660254037844386,0.5000000000000001,0.19843292,0.20213318,-0.101169586,1,-0.1,Neutral
1993-03-01,27.408636,-0.5,3,27.137852,0.27078438,-0.7,-0.9,-0.6,1.0,6.123233995736766e-17,0.35736084,0.19843292,0.20213318,2,1.7,El Niño
1993-04-01,28.108578,-1.2,4,27.688173,0.42040443,-0.5,-0.7,-0.9,0.8660254037844387,-0.4999999999999998,0.27078438,0.35736084,0.19843292,1,0.3,Neutral
1993-05-01,28.515543,-0.3,5,27.753109,0.762434,-1.2,-0.5,-0.7,0.49999999999999994,-0.8660254037844387,0.42040443,0.27078438,0.35736084,2,0.5,El Niño
1993-06-01,27.821894,-0.8,6,27.59718,0.22471428,-0.3,-1.2,-0.5,1.2246467991473532e-16,-1.0,0.762434,0.42040443,0.27078438,2,0.7,El Niño
1993-07-01,27.457317,-0.8,7,27.18561,0.27170753,-0.8,-0.3,-1.2,-0.4999999999999997,-0.8660254037844388,0.22471428,0.762434,0.42040443,2,0.7,El Niño
1993-08-01,26.777044,-0.9,8,26.803362,-0.026317596,-0.8,-0.8,-0.3,-0.8660254037844384,-0.5000000000000004,0.27170753,0.22471428,0.762434,2,0.6,El Niño
1993-09-01,26.921444,-0.7,9,26.689117,0.23232651,-0.9,-0.8,-0.8,-1.0,-1.8369701987210297e-16,-0.026317596,0.27170753,0.22471428,1,0.3,Neutral
1993-10-01,26.883028,-1.1,10,26.646967,0.2360611,-0.7,-0.9,-0.8,-0.8660254037844386,0.5000000000000001,0.23232651,-0.026317596,0.27170753,1,0.3,Neutral
1993-11-01,26.819115,-0.1,11,26.667572,0.15154266,-1.1,-0.7,-0.9,-0.5000000000000004,0.8660254037844384,0.2360611,0.23232651,-0.026317596,1,0.2,Neutral
1993-12-01,26.658478,0.2,12,26.522655,0.1358223,-0.1,-1.1,-0.7,-2.4492935982947064e-16,1.0,0.15154266,0.2360611,0.23232651,1,0.1,Neutral
1994-01-01,26.505472,-0.1,1,26.448738,0.056734085,0.2,-0.1,-1.1,0.49999999999999994,0.8660254037844387,0.1358223,0.15154266,0.2360611,1,0.1,Neutral
1994-02-01,26.58136,0.3,2,26.640648,-0.059288025,-0.1,0.2,-0.1,0.8660254037844386,0.5000000000000001,0.056734085,0.1358223,0.15154266,1,0.1,Neutral
1994-03-01,27.320238,-0.7,3,27.137852,0.1823864,0.3,-0.1,0.2,1.0,6.123233995736766e-17,-0.059288025,0.056734085,0.1358223,1,0.1,Neutral
1994-04-01,27.846418,-1.3,4,27.688173,0.15824509,-0.7,0.3,-0.1,0.8660254037844387,-0.4999999999999998,0.1823864,-0.059288025,0.056734085,1,0.1,Neutral
1994-05-01,27.96317,-0.7,5,27.753109,0.21006012,-1.3,-0.7,0.3,0.49999999999999994,-0.8660254037844387,0.15824509,0.1823864,-0.059288025,1,0.2,Neutral
1994-06-01,27.804495,-0.4,6,27.59718,0.20731544,-0.7,-1.3,-0.7,1.2246467991473532e-16,-1.0,0.21006012,0.15824509,0.1823864,1,0.3,Neutral
1994-07-01,27.2262,-1.3,7,27.18561,0.040590286,-0.4,-0.7,-1.3,-0.4999999999999997,-0.8660254037844388,0.20731544,0.21006012,0.15824509,1,0.4,Neutral
1994-08-01,27.268417,-1.2,8,26.803362,0.46505547,-1.3,-0.4,-0.7,-0.8660254037844384,-0.5000000000000004,0.040590286,0.20731544,0.21006012,1,0.4,Neutral
1994-09-01,26.969654,-1.6,9,26.689117,0.28053665,-1.2,-1.3,-0.4,-1.0,-1.8369701987210297e-16,0.46505547,0.040590286,0.20731544,1,0.4,Neutral
1994-10-01,27.322636,-1.1,10,26.646967,0.6756687,-1.6,-1.2,-1.3,-0.8660254037844386,0.5000000000000001,0.28053665,0.46505547,0.040590286,1,0.4,Neutral
1994-11-01,27.694939,-0.6,11,26.667572,1.0273666,-1.1,-1.6,-1.2,-0.5000000000000004,0.8660254037844384,0.6756687,0.28053665,0.46505547,2,0.6,El Niño
1994-12-01,27.775576,-1.2,12,26.522655,1.2529202,-0.6,-1.1,-1.6,-2.4492935982947064e-16,1.0,1.0273666,0.6756687,0.28053665,2,0.7,El Niño
1995-01-01,27.267668,-0.4,1,26.448738,0.8189297,-1.2,-0.6,-1.1,0.49999999999999994,0.8660254037844387,1.2529202,1.0273666,0.6756687,2,1.1,El Niño
1995-02-01,27.322723,-0.1,2,26.640648,0.6820755,-0.4,-1.2,-0.6,0.8660254037844386,0.5000000000000001,0.8189297,1.2529202,1.0273666,2,1.1,El Niño
1995-03-01,27.47686,0.8,3,27.137852,0.33900833,-0.1,-0.4,-1.2,1.0,6.123233995736766e-17,0.6820755,0.8189297,1.2529202,1,0.1,Neutral
1995-04-01,27.849018,-0.7,4,27.688173,0.1608448,0.8,-0.1,-0.4,0.8660254037844387,-0.4999999999999998,0.33900833,0.6820755,0.8189297,2,0.7,El Niño
1995-05-01,27.609407,-0.4,5,27.753109,-0.14370155,-0.7,0.8,-0.1,0.49999999999999994,-0.8660254037844387,0.1608448,0.33900833,0.6820755,2,0.5,El Niño
1995-06-01,27.28568,0.1,6,27.59718,-0.31149864,-0.4,-0.7,0.8,1.2246467991473532e-16,-1.0,-0.14370155,0.1608448,0.33900833,1,0.3,Neutral
1995-07-01,27.016184,0.4,7,27.18561,-0.16942596,0.1,-0.4,-0.7,-0.4999999999999997,-0.8660254037844388,-0.31149864,-0.14370155,0.1608448,1,0.1,Neutral
1995-08-01,26.24039,0.3,8,26.803362,-0.5629711,0.4,0.1,-0.4,-0.8660254037844384,-0.5000000000000004,-0.16942596,-0.31149864,-0.14370155,1,0.0,Neutral
1995-09-01,26.024261,0.3,9,26.689117,-0.66485596,0.3,0.4,0.1,-1.0,-1.8369701987210297e-16,-0.5629711,-0.16942596,-0.31149864,1,-0.2,Neutral
1995-10-01,25.730463,0.0,10,26.646967,-0.9165039,0.3,0.3,0.4,-0.8660254037844386,0.5000000000000001,-0.66485596,-0.5629711,-0.16942596,0,-0.5,La Niña
1995-11-01,25.724796,0.0,11,26.667572,-0.9427757,0.0,0.3,0.3,-0.5000000000000004,0.8660254037844384,-0.9165039,-0.66485596,-0.5629711,0,-0.8,La Niña
1995-12-01,25.644552,-0.5,12,26.522655,-0.87810326,0.0,0.0,0.3,-2.4492935982947064e-16,1.0,-0.9427757,-0.9165039,-0.66485596,0,-1.0,La Niña
1996-01-01,25.660097,1.0,1,26.448738,-0.788641,-0.5,0.0,0.0,0.49999999999999994,0.8660254037844387,-0.87810326,-0.9427757,-0.9165039,0,-1.0,La Niña
1996-02-01,25.879454,0.3,2,26.640648,-0.7611942,1.0,-0.5,0.0,0.8660254037844386,0.5000000000000001,-0.788641,-0.87810326,-0.9427757,0,-1.0,La Niña
1996-03-01,26.50954,1.1,3,27.137852,-0.62831116,0.3,1.0,-0.5,1.0,6.123233995736766e-17,-0.7611942,-0.788641,-0.87810326,2,1.0,El Niño
1996-04-01,27.277653,0.8,4,27.688173,-0.41052055,1.1,0.3,1.0,0.8660254037844387,-0.4999999999999998,-0.62831116,-0.7611942,-0.788641,0,-0.8,La Niña
1996-05-01,27.335585,0.3,5,27.753109,-0.41752434,0.8,1.1,0.3,0.49999999999999994,-0.8660254037844387,-0.41052055,-0.62831116,-0.7611942,0,-0.6,La Niña
1996-06-01,27.186611,1.2,6,27.59718,-0.41056824,0.3,0.8,1.1,1.2246467991473532e-16,-1.0,-0.41752434,-0.41052055,-0.62831116,1,-0.4,Neutral
1996-07-01,26.88609,0.7,7,27.18561,-0.2995205,1.2,0.3,0.8,-0.4999999999999997,-0.8660254037844388,-0.41056824,-0.41752434,-0.41052055,1,-0.3,Neutral
1996-08-01,26.528862,0.7,8,26.803362,-0.2744999,0.7,1.2,0.3,-0.8660254037844384,-0.5000000000000004,-0.2995205,-0.41056824,-0.41752434,1,-0.3,Neutral
1996-09-01,26.343454,0.6,9,26.689117,-0.34566307,0.7,0.7,1.2,-1.0,-1.8369701987210297e-16,-0.2744999,-0.2995205,-0.41056824,1,-0.3,Neutral
1996-10-01,26.125082,0.6,10,26.646967,-0.5218849,0.6,0.7,0.7,-0.8660254037844386,0.5000000000000001,-0.34566307,-0.2744999,-0.2995205,1,-0.3,Neutral
1996-11-01,26.315056,-0.1,11,26.667572,-0.35251617,0.6,0.6,0.7,-0.5000000000000004,0.8660254037844384,-0.5218849,-0.34566307,-0.2744999,1,-0.4,Neutral
1996-12-01,25.96027,0.9,12,26.522655,-0.56238556,-0.1,0.6,0.6,-2.4492935982947064e-16,1.0,-0.35251617,-0.5218849,-0.34566307,1,-0.4,Neutral
1997-01-01,25.868616,0.5,1,26.448738,-0.580122,0.9,-0.1,0.6,0.49999999999999994,0.8660254037844387,-0.56238556,-0.35251617,-0.5218849,0,-0.5,La Niña
1997-02-01,26.289196,1.7,2,26.640648,-0.35145187,0.5,0.9,-0.1,0.8660254037844386,0.5000000000000001,-0.580122,-0.56238556,-0.35251617,0,-0.5,La Niña
1997-03-01,26.824167,-0.4,3,27.137852,-0.31368446,1.7,0.5,0.9,1.0,6.123233995736766e-17,-0.35145187,-0.580122,-0.56238556,0,-0.9,La Niña
1997-04-01,27.66186,-0.6,4,27.688173,-0.026313782,-0.4,1.7,0.5,0.8660254037844387,-0.4999999999999998,-0.31368446,-0.35145187,-0.580122,1,-0.4,Neutral
1997-05-01,28.271193,-1.3,5,27.753109,0.5180836,-0.6,-0.4,1.7,0.49999999999999994,-0.8660254037844387,-0.026313782,-0.31368446,-0.35145187,1,-0.1,Neutral
1997-06-01,28.531984,-1.4,6,27.59718,0.9348049,-1.3,-0.6,-0.4,1.2246467991473532e-16,-1.0,0.5180836,-0.026313782,-0.31368446,1,0.3,Neutral
1997-07-01,28.583727,-0.8,7,27.18561,1.3981171,-1.4,-1.3,-0.6,-0.4999999999999997,-0.8660254037844388,0.9348049,0.5180836,-0.026313782,2,0.8,El Niño
1997-08-01,28.592203,-1.4,8,26.803362,1.7888412,-0.8,-1.4,-1.3,-0.8660254037844384,-0.5000000000000004,1.3981171,0.9348049,0.5180836,2,1.2,El Niño
1997-09-01,28.604675,-1.4,9,26.689117,1.9155579,-1.4,-0.8,-1.4,-1.0,-1.8369701987210297e-16,1.7888412,1.3981171,0.9348049,2,1.6,El Niño
1997-10-01,28.736568,-1.5,10,26.646967,2.0896015,-1.4,-1.4,-0.8,-0.8660254037844386,0.5000000000000001,1.9155579,1.7888412,1.3981171,2,1.9,El Niño
1997-11-01,28.949905,-1.2,11,26.667572,2.2823334,-1.5,-1.4,-1.4,-0.5000000000000004,0.8660254037844384,2.0896015,1.9155579,1.7888412,2,2.1,El Niño
1997-12-01,28.75804,-1.0,12,26.522655,2.235384,-1.2,-1.5,-1.4,-2.4492935982947064e-16,1.0,2.2823334,2.0896015,1.9155579,2,2.3,El Niño
1998-01-01,28.602076,-2.7,1,26.448738,2.1533375,-1.0,-1.2,-1.5,0.49999999999999994,0.8660254037844387,2.235384,2.2823334,2.0896015,2,2.4,El Niño
1998-02-01,28.462894,-2.0,2,26.640648,1.8222466,-2.7,-1.0,-1.2,0.8660254037844386,0.5000000000000001,2.1533375,2.235384,2.2823334,2,2.4,El Niño
1998-03-01,28.399649,-2.4,3,27.137852,1.261797,-2.0,-2.7,-1.0,1.0,6.123233995736766e-17,1.8222466,2.1533375,2.235384,0,-0.5,La Niña
1998-04-01,28.282131,-1.4,4,27.688173,0.5939579,-2.4,-2.0,-2.7,0.8660254037844387,-0.4999999999999998,1.261797,1.8222466,2.1533375,2,1.9,El Niño
1998-05-01,28.304876,0.3,5,27.753109,0.55176735,-1.4,-2.4,-2.0,0.49999999999999994,-0.8660254037844387,0.5939579,1.261797,1.8222466,2,1.4,El Niño
1998-06-01,26.81191,1.0,6,27.59718,-0.7852688,0.3,-1.4,-2.4,1.2246467991473532e-16,-1.0,0.55176735,0.5939579,1.261797,2,1.0,El Niño
1998-07-01,25.980082,1.2,7,27.18561,-1.2055283,1.0,0.3,-1.4,-0.4999999999999997,-0.8660254037844388,-0.7852688,0.55176735,0.5939579,2,0.5,El Niño
1998-08-01,25.53137,1.2,8,26.803362,-1.2719917,1.2,1.0,0.3,-0.8660254037844384,-0.5000000000000004,-1.2055283,-0.7852688,0.55176735,1,-0.1,Neutral
1998-09-01,25.60223,1.0,9,26.689117,-1.0868874,1.2,1.2,1.0,-1.0,-1.8369701987210297e-16,-1.2719917,-1.2055283,-0.7852688,0,-0.8,La Niña
1998-10-01,25.293945,1.1,10,26.646967,-1.3530216,1.0,1.2,1.2,-0.8660254037844386,0.5000000000000001,-1.0868874,-1.2719917,-1.2055283,0,-1.1,La Niña
1998-11-01,25.365942,1.0,11,26.667572,-1.30163,1.1,1.0,1.2,-0.5000000000000004,0.8660254037844384,-1.3530216,-1.0868874,-1.2719917,0,-1.3,La Niña
1998-12-01,24.768738,1.4,12,26.522655,-1.7539177,1.0,1.1,1.0,-2.4492935982947064e-16,1.0,-1.30163,-1.3530216,-1.0868874,0,-1.4,La Niña
1999-01-01,24.85046,1.8,1,26.448738,-1.598278,1.4,1.0,1.1,0.49999999999999994,0.8660254037844387,-1.7539177,-1.30163,-1.3530216,0,-1.6,La Niña
1999-02-01,25.533667,1.0,2,26.640648,-1.1069813,1.8,1.4,1.0,0.8660254037844386,0.5000000000000001,-1.598278,-1.7539177,-1.30163,0,-1.6,La Niña
1999-03-01,26.256937,1.3,3,27.137852,-0.8809147,1.0,1.8,1.4,1.0,6.123233995736766e-17,-1.1069813,-1.598278,-1.7539177,2,2.2,El Niño
1999-04-01,26.750137,1.4,4,27.688173,-0.93803596,1.3,1.0,1.8,0.8660254037844387,-0.4999999999999998,-0.8809147,-1.1069813,-1.598278,0,-1.3,La Niña
1999-05-01,26.901304,0.2,5,27.753109,-0.85180473,1.4,1.3,1.0,0.49999999999999994,-0.8660254037844387,-0.93803596,-0.8809147,-1.1069813,0,-1.1,La Niña
1999-06-01,26.563543,0.3,6,27.59718,-1.0336361,0.2,1.4,1.3,1.2246467991473532e-16,-1.0,-0.85180473,-0.93803596,-0.8809147,0,-1.0,La Niña
1999-07-01,26.210968,0.5,7,27.18561,-0.9746418,0.3,0.2,1.4,-0.4999999999999997,-0.8660254037844388,-1.0336361,-0.85180473,-0.93803596,0,-1.0,La Niña
1999-08-01,25.589989,0.4,8,26.803362,-1.2133732,0.5,0.3,0.2,-0.8660254037844384,-0.5000000000000004,-0.9746418,-1.0336361,-0.85180473,0,-1.0,La Niña
1999-09-01,25.66431,-0.1,9,26.689117,-1.024807,0.4,0.5,0.3,-1.0,-1.8369701987210297e-16,-1.2133732,-0.9746418,-1.0336361,0,-1.1,La Niña
1999-10-01,25.497395,1.0,10,26.646967,-1.1495724,-0.1,0.4,0.5,-0.8660254037844386,0.5000000000000001,-1.024807,-1.2133732,-0.9746418,0,-1.1,La Niña
1999-11-01,25.084648,1.0,11,26.667572,-1.5829239,1.0,-0.1,0.4,-0.5000000000000004,0.8660254037844384,-1.1495724,-1.024807,-1.2133732,0,-1.2,La Niña
1999-12-01,24.895617,1.4,12,26.522655,-1.627039,1.0,1.0,-0.1,-2.4492935982947064e-16,1.0,-1.5829239,-1.1495724,-1.024807,0,-1.3,La Niña
2000-01-01,24.68918,0.7,1,26.448738,-1.7595577,1.4,1.0,1.0,0.49999999999999994,0.8660254037844387,-1.627039,-1.5829239,-1.1495724,0,-1.7,La Niña
2000-02-01,25.11273,1.7,2,26.640648,-1.5279179,0.7,1.4,1.0,0.8660254037844386,0.5000000000000001,-1.7595577,-1.627039,-1.5829239,0,-1.7,La Niña
2000-03-01,26.030016,1.3,3,27.137852,-1.1078358,1.7,0.7,1.4,1.0,6.123233995736766e-17,-1.5279179,-1.7595577,-1.627039,0,-1.5,La Niña
2000-04-01,26.865723,1.2,4,27.688173,-0.82245064,1.3,1.7,0.7,0.8660254037844387,-0.4999999999999998,-1.1078358,-1.5279179,-1.7595577,0,-1.4,La Niña
2000-05-01,26.861824,0.4,5,27.753109,-0.89128494,1.2,1.3,1.7,0.49999999999999994,-0.8660254037844387,-0.82245064,-1.1078358,-1.5279179,0,-1.1,La Niña
2000-06-01,26.966627,-0.2,6,27.59718,-0.6305523,0.4,1.2,1.3,1.2246467991473532e-16,-1.0,-0.89128494,-0.82245064,-1.1078358,0,-0.8,La Niña
2000-07-01,26.517008,-0.2,7,27.18561,-0.668602,-0.2,0.4,1.2,-0.4999999999999997,-0.8660254037844388,-0.6305523,-0.89128494,-0.82245064,0,-0.7,La Niña
2000-08-01,26.351845,0.7,8,26.803362,-0.4515171,-0.2,-0.2,0.4,-0.8660254037844384,-0.5000000000000004,-0.668602,-0.6305523,-0.89128494,0,-0.6,La Niña
2000-09-01,26.17556,0.9,9,26.689117,-0.51355743,0.7,-0.2,-0.2,-1.0,-1.8369701987210297e-16,-0.4515171,-0.668602,-0.6305523,0,-0.6,La Niña
2000-10-01,25.985918,1.1,10,26.646967,-0.6610489,0.9,0.7,-0.2,-0.8660254037844386,0.5000000000000001,-0.51355743,-0.4515171,-0.668602,0,-0.5,La Niña
2000-11-01,25.831192,1.8,11,26.667572,-0.83638,1.1,0.9,0.7,-0.5000000000000004,0.8660254037844384,-0.6610489,-0.51355743,-0.4515171,0,-0.5,La Niña
2000-12-01,25.497932,0.8,12,26.522655,-1.024723,1.8,1.1,0.9,-2.4492935982947064e-16,1.0,-0.83638,-0.6610489,-0.51355743,0,-0.6,La Niña
2001-01-01,25.715738,1.0,1,26.448738,-0.7329998,0.8,1.8,1.1,0.49999999999999994,0.8660254037844387,-1.024723,-0.83638,-0.6610489,0,-0.7,La Niña
2001-02-01,26.09734,1.7,2,26.640648,-0.54330826,1.0,0.8,1.8,0.8660254037844386,0.5000000000000001,-0.7329998,-1.024723,-0.83638,0,-0.7,La Niña
2001-03-01,26.79964,0.9,3,27.137852,-0.33821106,1.7,1.0,0.8,1.0,6.123233995736766e-17,-0.54330826,-0.7329998,-1.024723,0,-1.7,La Niña
2001-04-01,27.196875,0.2,4,27.688173,-0.49129868,0.9,1.7,1.0,0.8660254037844387,-0.4999999999999998,-0.33821106,-0.54330826,-0.7329998,0,-0.5,La Niña
2001-05-01,27.3777,-0.5,5,27.753109,-0.37540817,0.2,0.9,1.7,0.49999999999999994,-0.8660254037844387,-0.49129868,-0.33821106,-0.54330826,1,-0.4,Neutral
2001-06-01,27.515863,0.3,6,27.59718,-0.081315994,-0.5,0.2,0.9,1.2246467991473532e-16,-1.0,-0.37540817,-0.49129868,-0.33821106,1,-0.3,Neutral
2001-07-01,27.153969,-0.2,7,27.18561,-0.031641006,0.3,-0.5,0.2,-0.4999999999999997,-0.8660254037844388,-0.081315994,-0.37540817,-0.49129868,1,-0.3,Neutral
2001-08-01,26.754025,-0.4,8,26.803362,-0.049337387,-0.2,0.3,-0.5,-0.8660254037844384,-0.5000000000000004,-0.031641006,-0.081315994,-0.37540817,1,-0.1,Neutral
2001-09-01,26.505165,0.2,9,26.689117,-0.18395233,-0.4,-0.2,0.3,-1.0,-1.8369701987210297e-16,-0.049337387,-0.031641006,-0.081315994,1,-0.1,Neutral
2001-10-01,26.444715,0.0,10,26.646967,-0.20225143,0.2,-0.4,-0.2,-0.8660254037844386,0.5000000000000001,-0.18395233,-0.049337387,-0.031641006,1,-0.1,Neutral
2001-11-01,26.267399,0.7,11,26.667572,-0.4001732,0.0,0.2,-0.4,-0.5000000000000004,0.8660254037844384,-0.20225143,-0.18395233,-0.049337387,1,-0.2,Neutral
2001-12-01,26.041515,-0.8,12,26.522655,-0.48114014,0.7,0.0,0.2,-2.4492935982947064e-16,1.0,-0.4001732,-0.20225143,-0.18395233,1,-0.3,Neutral
2002-01-01,26.312809,0.4,1,26.448738,-0.13592911,-0.8,0.7,0.0,0.49999999999999994,0.8660254037844387,-0.48114014,-0.4001732,-0.20225143,1,-0.3,Neutral
2002-02-01,26.725523,1.1,2,26.640648,0.08487511,0.4,-0.8,0.7,0.8660254037844386,0.5000000000000001,-0.13592911,-0.48114014,-0.4001732,1,-0.3,Neutral
2002-03-01,27.126617,-0.2,3,27.137852,-0.011234283,1.1,0.4,-0.8,1.0,6.123233995736766e-17,0.08487511,-0.13592911,-0.48114014,0,-0.7,La Niña
2002-04-01,27.810688,-0.1,4,27.688173,0.122514725,-0.2,1.1,0.4,0.8660254037844387,-0.4999999999999998,-0.011234283,0.08487511,-0.13592911,1,0.0,Neutral
2002-05-01,28.055035,-0.8,5,27.753109,0.30192566,-0.1,-0.2,1.1,0.49999999999999994,-0.8660254037844387,0.122514725,-0.011234283,0.08487511,1,0.1,Neutral
2002-06-01,28.300322,-0.2,6,27.59718,0.70314217,-0.8,-0.1,-0.2,1.2246467991473532e-16,-1.0,0.30192566,0.122514725,-0.011234283,1,0.2,Neutral
2002-07-01,27.853888,-0.5,7,27.18561,0.66827774,-0.2,-0.8,-0.1,-0.4999999999999997,-0.8660254037844388,0.70314217,0.30192566,0.122514725,1,0.4,Neutral
2002-08-01,27.539438,-1.0,8,26.803362,0.73607635,-0.5,-0.2,-0.8,-0.8660254037844384,-0.5000000000000004,0.66827774,0.70314217,0.30192566,2,0.7,El Niño
2002-09-01,27.58399,-0.6,9,26.689117,0.89487267,-1.0,-0.5,-0.2,-1.0,-1.8369701987210297e-16,0.73607635,0.66827774,0.70314217,2,0.8,El Niño
2002-10-01,27.767712,-0.4,10,26.646967,1.1207447,-0.6,-1.0,-0.5,-0.8660254037844386,0.5000000000000001,0.89487267,0.73607635,0.66827774,2,0.9,El Niño
2002-11-01,28.019457,-0.5,11,26.667572,1.3518848,-0.4,-0.6,-1.0,-0.5000000000000004,0.8660254037844384,1.1207447,0.89487267,0.73607635,2,1.0,El Niño
2002-12-01,27.917383,-1.1,12,26.522655,1.3947277,-0.5,-0.4,-0.6,-2.4492935982947064e-16,1.0,1.3518848,1.1207447,0.89487267,2,1.2,El Niño
2003-01-01,27.398106,-0.2,1,26.448738,0.9493675,-1.1,-0.5,-0.4,0.49999999999999994,0.8660254037844387,1.3947277,1.3518848,1.1207447,2,1.1,El Niño
2003-02-01,27.33159,-0.7,2,26.640648,0.69094276,-0.2,-1.1,-0.5,0.8660254037844386,0.5000000000000001,0.9493675,1.3947277,1.3518848,2,1.1,El Niño
2003-03-01,27.695711,-0.3,3,27.137852,0.5578594,-0.7,-0.2,-1.1,1.0,6.123233995736766e-17,0.69094276,0.9493675,1.3947277,1,-0.1,Neutral
2003-04-01,27.622831,-0.1,4,27.688173,-0.06534195,-0.3,-0.7,-0.2,0.8660254037844387,-0.4999999999999998,0.5578594,0.69094276,0.9493675,2,0.6,El Niño
2003-05-01,27.217096,-0.3,5,27.753109,-0.53601265,-0.1,-0.3,-0.7,0.49999999999999994,-0.8660254037844387,-0.06534195,0.5578594,0.69094276,1,0.4,Neutral
2003-06-01,27.311655,-0.6,6,27.59718,-0.28552437,-0.3,-0.1,-0.3,1.2246467991473532e-16,-1.0,-0.53601265,-0.06534195,0.5578594,1,0.0,Neutral
2003-07-01,27.29063,0.3,7,27.18561,0.10502052,-0.6,-0.3,-0.1,-0.4999999999999997,-0.8660254037844388,-0.28552437,-0.53601265,-0.06534195,1,-0.3,Neutral
2003-08-01,26.867714,0.1,8,26.803362,0.064352036,0.3,-0.6,-0.3,-0.8660254037844384,-0.5000000000000004,0.10502052,-0.28552437,-0.53601265,1,-0.2,Neutral
2003-09-01,26.898735,-0.1,9,26.689117,0.20961761,0.1,0.3,-0.6,-1.0,-1.8369701987210297e-16,0.064352036,0.10502052,-0.28552437,1,0.1,Neutral
2003-10-01,27.133411,0.0,10,26.646967,0.48644447,-0.1,0.1,0.3,-0.8660254037844386,0.5000000000000001,0.20961761,0.064352036,0.10502052,1,0.2,Neutral
2003-11-01,26.970577,-0.3,11,26.667572,0.30300522,0.0,-0.1,0.1,-0.5000000000000004,0.8660254037844384,0.48644447,0.20961761,0.064352036,1,0.3,Neutral
2003-12-01,26.925737,1.1,12,26.522655,0.4030819,-0.3,0.0,-0.1,-2.4492935982947064e-16,1.0,0.30300522,0.48644447,0.20961761,1,0.3,Neutral
2004-01-01,26.707964,-1.3,1,26.448738,0.25922585,1.1,-0.3,0.0,0.49999999999999994,0.8660254037844387,0.4030819,0.30300522,0.48644447,1,0.4,Neutral
2004-02-01,26.837322,1.2,2,26.640648,0.19667435,-1.3,1.1,-0.3,0.8660254037844386,0.5000000000000001,0.25922585,0.4030819,0.30300522,1,0.4,Neutral
2004-03-01,26.98745,0.4,3,27.137852,-0.15040207,1.2,-1.3,1.1,1.0,6.123233995736766e-17,0.19667435,0.25922585,0.4030819,2,0.9,El Niño
2004-04-01,27.722687,-0.9,4,27.688173,0.034513474,0.4,1.2,-1.3,0.8660254037844387,-0.4999999999999998,-0.15040207,0.19667435,0.25922585,1,0.3,Neutral
2004-05-01,27.918394,1.0,5,27.753109,0.16528511,-0.9,0.4,1.2,0.49999999999999994,-0.8660254037844387,0.034513474,-0.15040207,0.19667435,1,0.2,Neutral
2004-06-01,27.657038,-0.8,6,27.59718,0.059858322,1.0,-0.9,0.4,1.2246467991473532e-16,-1.0,0.16528511,0.034513474,-0.15040207,1,0.2,Neutral
2004-07-01,27.737988,-0.5,7,27.18561,0.5523777,-0.8,1.0,-0.9,-0.4999999999999997,-0.8660254037844388,0.059858322,0.16528511,0.034513474,1,0.2,Neutral
2004-08-01,27.483898,-0.3,8,26.803362,0.68053627,-0.5,-0.8,1.0,-0.8660254037844384,-0.5000000000000004,0.5523777,0.059858322,0.16528511,1,0.3,Neutral
2004-09-01,27.379519,-0.3,9,26.689117,0.6904011,-0.3,-0.5,-0.8,-1.0,-1.8369701987210297e-16,0.68053627,0.5523777,0.059858322,2,0.5,El Niño
2004-10-01,27.34366,-0.1,10,26.646967,0.6966934,-0.3,-0.3,-0.5,-0.8660254037844386,0.5000000000000001,0.6904011,0.68053627,0.5523777,2,0.6,El Niño
2004-11-01,27.340008,-0.7,11,26.667572,0.67243576,-0.1,-0.3,-0.3,-0.5000000000000004,0.8660254037844384,0.6966934,0.6904011,0.68053627,2,0.7,El Niño
2004-12-01,27.208427,-0.8,12,26.522655,0.68577194,-0.7,-0.1,-0.3,-2.4492935982947064e-16,1.0,0.67243576,0.6966934,0.6904011,2,0.7,El Niño
2005-01-01,27.1044,0.3,1,26.448738,0.65566254,-0.8,-0.7,-0.1,0.49999999999999994,0.8660254037844387,0.68577194,0.67243576,0.6966934,2,0.7,El Niño
2005-02-01,26.892395,-3.1,2,26.640648,0.25174713,0.3,-0.8,-0.7,0.8660254037844386,0.5000000000000001,0.65566254,0.68577194,0.67243576,2,0.7,El Niño
2005-03-01,27.444082,0.3,3,27.137852,0.30623055,-3.1,0.3,-0.8,1.0,6.123233995736766e-17,0.25174713,0.65566254,0.68577194,1,0.4,Neutral
2005-04-01,27.905205,-0.6,4,27.688173,0.21703148,0.3,-3.1,0.3,0.8660254037844387,-0.4999999999999998,0.30623055,0.25174713,0.65566254,2,0.6,El Niño
2005-05-01,28.06798,-0.8,5,27.753109,0.31487083,-0.6,0.3,-3.1,0.49999999999999994,-0.8660254037844387,0.21703148,0.30623055,0.25174713,1,0.4,Neutral
2005-06-01,27.873375,0.4,6,27.59718,0.27619553,-0.8,-0.6,0.3,1.2246467991473532e-16,-1.0,0.31487083,0.21703148,0.30623055,1,0.4,Neutral
2005-07-01,27.318422,0.2,7,27.18561,0.1328125,0.4,-0.8,-0.6,-0.4999999999999997,-0.8660254037844388,0.27619553,0.31487083,0.21703148,1,0.3,Neutral
2005-08-01,26.885601,-0.3,8,26.803362,0.08223915,0.2,0.4,-0.8,-0.8660254037844384,-0.5000000000000004,0.1328125,0.27619553,0.31487083,1,0.1,Neutral
2005-09-01,26.573965,0.4,9,26.689117,-0.11515236,-0.3,0.2,0.4,-1.0,-1.8369701987210297e-16,0.08223915,0.1328125,0.27619553,1,-0.1,Neutral
2005-10-01,26.626144,1.2,10,26.646967,-0.020822525,0.4,-0.3,0.2,-0.8660254037844386,0.5000000000000001,-0.11515236,0.08223915,0.1328125,1,-0.1,Neutral
2005-11-01,26.202963,-0.2,11,26.667572,-0.46460915,1.2,0.4,-0.3,-0.5000000000000004,0.8660254037844384,-0.020822525,-0.11515236,0.08223915,1,-0.1,Neutral
2005-12-01,25.752497,0.0,12,26.522655,-0.77015877,-0.2,1.2,0.4,-2.4492935982947064e-16,1.0,-0.46460915,-0.020822525,-0.11515236,1,-0.3,Neutral
2006-01-01,25.542952,1.7,1,26.448738,-0.9057865,0.0,-0.2,1.2,0.49999999999999994,0.8660254037844387,-0.77015877,-0.46460915,-0.020822525,0,-0.8,La Niña
2006-02-01,25.980654,0.1,2,26.640648,-0.6599941,1.7,0.0,-0.2,0.8660254037844386,0.5000000000000001,-0.9057865,-0.77015877,-0.46460915,0,-0.8,La Niña
2006-03-01,26.483982,1.8,3,27.137852,-0.6538696,0.1,1.7,0.0,1.0,6.123233995736766e-17,-0.6599941,-0.9057865,-0.77015877,2,0.6,El Niño
2006-04-01,27.487402,1.1,4,27.688173,-0.20077133,1.8,0.1,1.7,0.8660254037844387,-0.4999999999999998,-0.6538696,-0.6599941,-0.9057865,0,-0.8,La Niña
2006-05-01,27.781494,-0.5,5,27.753109,0.028385162,1.1,1.8,0.1,0.49999999999999994,-0.8660254037844387,-0.20077133,-0.6538696,-0.6599941,0,-0.6,La Niña
2006-06-01,27.762972,-0.2,6,27.59718,0.16579247,-0.5,1.1,1.8,1.2246467991473532e-16,-1.0,0.028385162,-0.20077133,-0.6538696,1,-0.4,Neutral
2006-07-01,27.237938,-0.6,7,27.18561,0.05232811,-0.2,-0.5,1.1,-0.4999999999999997,-0.8660254037844388,0.16579247,0.028385162,-0.20077133,1,-0.1,Neutral
2006-08-01,27.195892,-1.0,8,26.803362,0.39253044,-0.6,-0.2,-0.5,-0.8660254037844384,-0.5000000000000004,0.05232811,0.16579247,0.028385162,1,0.0,Neutral
2006-09-01,27.248333,-0.6,9,26.689117,0.55921555,-1.0,-0.6,-0.2,-1.0,-1.8369701987210297e-16,0.39253044,0.05232811,0.16579247,1,0.1,Neutral
2006-10-01,27.360157,-1.3,10,26.646967,0.7131901,-0.6,-1.0,-0.6,-0.8660254037844386,0.5000000000000001,0.55921555,0.39253044,0.05232811,1,0.3,Neutral
2006-11-01,27.620266,0.1,11,26.667572,0.95269394,-1.3,-0.6,-1.0,-0.5000000000000004,0.8660254037844384,0.7131901,0.55921555,0.39253044,2,0.5,El Niño
2006-12-01,27.707714,-0.3,12,26.522655,1.1850586,0.1,-1.3,-0.6,-2.4492935982947064e-16,1.0,0.95269394,0.7131901,0.55921555,2,0.8,El Niño
2007-01-01,27.258278,-0.8,1,26.448738,0.8095398,-0.3,0.1,-1.3,0.49999999999999994,0.8660254037844387,1.1850586,0.95269394,0.7131901,2,0.9,El Niño
2007-02-01,26.753515,-0.1,2,26.640648,0.112867355,-0.8,-0.3,0.1,0.8660254037844386,0.5000000000000001,0.8095398,1.1850586,0.95269394,2,0.9,El Niño
2007-03-01,27.091446,0.2,3,27.137852,-0.046405792,-0.1,-0.8,-0.3,1.0,6.123233995736766e-17,0.112867355,0.8095398,1.1850586,0,-0.9,La Niña
2007-04-01,27.65791,-0.1,4,27.688173,-0.0302639,0.2,-0.1,-0.8,0.8660254037844387,-0.4999999999999998,-0.046405792,0.112867355,0.8095398,1,0.2,Neutral
2007-05-01,27.397524,-0.1,5,27.753109,-0.3555851,-0.1,0.2,-0.1,0.49999999999999994,-0.8660254037844387,-0.0302639,-0.046405792,0.112867355,1,-0.1,Neutral
2007-06-01,27.525259,0.5,6,27.59718,-0.071920395,-0.1,-0.1,0.2,1.2246467991473532e-16,-1.0,-0.3555851,-0.0302639,-0.046405792,1,-0.3,Neutral
2007-07-01,26.809544,-0.3,7,27.18561,-0.3760662,0.5,-0.1,-0.1,-0.4999999999999997,-0.8660254037844388,-0.071920395,-0.3555851,-0.0302639,1,-0.4,Neutral
2007-08-01,26.23422,0.4,8,26.803362,-0.5691414,-0.3,0.5,-0.1,-0.8660254037844384,-0.5000000000000004,-0.3760662,-0.071920395,-0.3555851,0,-0.5,La Niña
2007-09-01,25.802532,0.2,9,26.689117,-0.88658524,0.4,-0.3,0.5,-1.0,-1.8369701987210297e-16,-0.5691414,-0.3760662,-0.071920395,0,-0.6,La Niña
2007-10-01,25.472324,0.7,10,26.646967,-1.1746426,0.2,0.4,-0.3,-0.8660254037844386,0.5000000000000001,-0.88658524,-0.5691414,-0.3760662,0,-0.8,La Niña
2007-11-01,25.297989,0.9,11,26.667572,-1.3695831,0.7,0.2,0.4,-0.5000000000000004,0.8660254037844384,-1.1746426,-0.88658524,-0.5691414,0,-1.1,La Niña
2007-12-01,25.365309,1.7,12,26.522655,-1.1573467,0.9,0.7,0.2,-2.4492935982947064e-16,1.0,-1.3695831,-1.1746426,-0.88658524,0,-1.3,La Niña
2008-01-01,24.872309,1.8,1,26.448738,-1.5764294,1.7,0.9,0.7,0.49999999999999994,0.8660254037844387,-1.1573467,-1.3695831,-1.1746426,0,-1.6,La Niña
2008-02-01,25.13656,2.6,2,26.640648,-1.5040874,1.8,1.7,0.9,0.8660254037844386,0.5000000000000001,-1.5764294,-1.1573467,-1.3695831,0,-1.6,La Niña
2008-03-01,26.237165,1.4,3,27.137852,-0.90068626,2.6,1.8,1.7,1.0,6.123233995736766e-17,-1.5040874,-1.5764294,-1.1573467,2,0.7,El Niño
2008-04-01,26.913757,0.7,4,27.688173,-0.77441597,1.4,2.6,1.8,0.8660254037844387,-0.4999999999999998,-0.90068626,-1.5040874,-1.5764294,0,-1.5,La Niña
2008-05-01,27.149147,-0.1,5,27.753109,-0.60396194,0.7,1.4,2.6,0.49999999999999994,-0.8660254037844387,-0.77441597,-0.90068626,-1.5040874,0,-1.3,La Niña
2008-06-01,27.022366,0.6,6,27.59718,-0.57481384,-0.1,0.7,1.4,1.2246467991473532e-16,-1.0,-0.60396194,-0.77441597,-0.90068626,0,-1.0,La Niña
2008-07-01,26.985565,0.3,7,27.18561,-0.20004463,0.6,-0.1,0.7,-0.4999999999999997,-0.8660254037844388,-0.57481384,-0.60396194,-0.77441597,0,-0.8,La Niña
2008-08-01,26.771437,1.0,8,26.803362,-0.0319252,0.3,0.6,-0.1,-0.8660254037844384,-0.5000000000000004,-0.20004463,-0.57481384,-0.60396194,0,-0.6,La Niña
2008-09-01,26.448051,1.2,9,26.689117,-0.24106598,1.0,0.3,0.6,-1.0,-1.8369701987210297e-16,-0.0319252,-0.20004463,-0.57481384,1,-0.4,Neutral
2008-10-01,26.496359,1.3,10,26.646967,-0.15060806,1.2,1.0,0.3,-0.8660254037844386,0.5000000000000001,-0.24106598,-0.0319252,-0.20004463,1,-0.2,Neutral
2008-11-01,26.406784,1.3,11,26.667572,-0.26078796,1.3,1.2,1.0,-0.5000000000000004,0.8660254037844384,-0.15060806,-0.24106598,-0.0319252,1,-0.2,Neutral
2008-12-01,25.735645,1.4,12,26.522655,-0.7870102,1.3,1.3,1.2,-2.4492935982947064e-16,1.0,-0.26078796,-0.15060806,-0.24106598,1,-0.4,Neutral
2009-01-01,25.677258,1.1,1,26.448738,-0.77148056,1.4,1.3,1.3,0.49999999999999994,0.8660254037844387,-0.7870102,-0.26078796,-0.15060806,0,-0.7,La Niña
2009-02-01,26.070417,1.9,2,26.640648,-0.5702305,1.1,1.4,1.3,0.8660254037844386,0.5000000000000001,-0.77148056,-0.7870102,-0.26078796,0,-0.7,La Niña
2009-03-01,26.542065,0.4,3,27.137852,-0.59578705,1.9,1.1,1.4,1.0,6.123233995736766e-17,-0.5702305,-0.77148056,-0.7870102,0,-1.6,La Niña
2009-04-01,27.60038,0.8,4,27.688173,-0.08779335,0.4,1.9,1.1,0.8660254037844387,-0.4999999999999998,-0.59578705,-0.5702305,-0.77148056,0,-0.8,La Niña
2009-05-01,28.034418,-0.1,5,27.753109,0.28130913,0.8,0.4,1.9,0.49999999999999994,-0.8660254037844387,-0.08779335,-0.59578705,-0.5702305,0,-0.6,La Niña
2009-06-01,28.102377,0.1,6,27.59718,0.5051975,-0.1,0.8,0.4,1.2246467991473532e-16,-1.0,0.28130913,-0.08779335,-0.59578705,1,-0.3,Neutral
2009-07-01,27.795048,0.2,7,27.18561,0.60943794,0.1,-0.1,0.8,-0.4999999999999997,-0.8660254037844388,0.5051975,0.28130913,-0.08779335,1,0.0,Neutral
2009-08-01,27.541988,-0.2,8,26.803362,0.7386265,0.2,0.1,-0.1,-0.8660254037844384,-0.5000000000000004,0.60943794,0.5051975,0.28130913,1,0.3,Neutral
2009-09-01,27.432167,0.3,9,26.689117,0.7430496,-0.2,0.2,0.1,-1.0,-1.8369701987210297e-16,0.7386265,0.60943794,0.5051975,2,0.5,El Niño
2009-10-01,27.625504,-1.2,10,26.646967,0.9785366,0.3,-0.2,0.2,-0.8660254037844386,0.5000000000000001,0.7430496,0.7386265,0.60943794,2,0.6,El Niño
2009-11-01,28.229412,-0.6,11,26.667572,1.56184,-1.2,0.3,-0.2,-0.5000000000000004,0.8660254037844384,0.9785366,0.7430496,0.7386265,2,0.7,El Niño
2009-12-01,28.301176,-0.7,12,26.522655,1.7785206,-0.6,-1.2,0.3,-2.4492935982947064e-16,1.0,1.56184,0.9785366,0.7430496,2,1.0,El Niño
2010-01-01,28.0686,-1.1,1,26.448738,1.6198616,-0.7,-0.6,-1.2,0.49999999999999994,0.8660254037844387,1.7785206,1.56184,0.9785366,2,1.6,El Niño
2010-02-01,27.891024,-1.5,2,26.640648,1.2503757,-1.1,-0.7,-0.6,0.8660254037844386,0.5000000000000001,1.6198616,1.7785206,1.56184,2,1.6,El Niño
2010-03-01,28.34077,-0.7,3,27.137852,1.202919,-1.5,-1.1,-0.7,1.0,6.123233995736766e-17,1.2503757,1.6198616,1.7785206,0,-0.8,La Niña
2010-04-01,28.381624,1.2,4,27.688173,0.6934509,-0.7,-1.5,-1.1,0.8660254037844387,-0.4999999999999998,1.202919,1.2503757,1.6198616,2,1.2,El Niño
2010-05-01,27.710955,0.9,5,27.753109,-0.042154312,1.2,-0.7,-1.5,0.49999999999999994,-0.8660254037844387,0.6934509,1.202919,1.2503757,2,0.8,El Niño
2010-06-01,27.083097,0.4,6,27.59718,-0.51408195,0.9,1.2,-0.7,1.2246467991473532e-16,-1.0,-0.042154312,0.6934509,1.202919,1,0.4,Neutral
2010-07-01,26.286945,1.8,7,27.18561,-0.8986645,0.4,0.9,1.2,-0.4999999999999997,-0.8660254037844388,-0.51408195,-0.042154312,0.6934509,1,-0.2,Neutral
2010-08-01,25.587992,1.8,8,26.803362,-1.2153702,1.8,0.4,0.9,-0.8660254037844384,-0.5000000000000004,-0.8986645,-0.51408195,-0.042154312,0,-0.7,La Niña
2010-09-01,25.349222,2.2,9,26.689117,-1.3398952,1.8,1.8,0.4,-1.0,-1.8369701987210297e-16,-1.2153702,-0.8986645,-0.51408195,0,-1.0,La Niña
2010-10-01,25.27161,1.7,10,26.646967,-1.3753567,2.2,1.8,1.8,-0.8660254037844386,0.5000000000000001,-1.3398952,-1.2153702,-0.8986645,0,-1.3,La Niña
2010-11-01,25.302233,1.3,11,26.667572,-1.3653393,1.7,2.2,1.8,-0.5000000000000004,0.8660254037844384,-1.3753567,-1.3398952,-1.2153702,0,-1.6,La Niña
2010-12-01,25.363695,2.9,12,26.522655,-1.1589603,1.3,1.7,2.2,-2.4492935982947064e-16,1.0,-1.3653393,-1.3753567,-1.3398952,0,-1.6,La Niña
2011-01-01,24.999723,2.3,1,26.448738,-1.4490147,2.9,1.3,1.7,0.49999999999999994,0.8660254037844387,-1.1589603,-1.3653393,-1.3753567,0,-1.6,La Niña
2011-02-01,25.471243,2.7,2,26.640648,-1.169405,2.3,2.9,1.3,0.8660254037844386,0.5000000000000001,-1.4490147,-1.1589603,-1.3653393,0,-1.6,La Niña
2011-03-01,26.348745,2.5,3,27.137852,-0.78910637,2.7,2.3,2.9,1.0,6.123233995736766e-17,-1.169405,-1.4490147,-1.1589603,2,1.5,El Niño
2011-04-01,27.018059,1.9,4,27.688173,-0.6701145,2.5,2.7,2.3,0.8660254037844387,-0.4999999999999998,-0.78910637,-1.169405,-1.4490147,0,-1.2,La Niña
2011-05-01,27.464682,0.4,5,27.753109,-0.28842735,1.9,2.5,2.7,0.49999999999999994,-0.8660254037844387,-0.6701145,-0.78910637,-1.169405,0,-0.9,La Niña
2011-06-01,27.374434,0.2,6,27.59718,-0.2227459,0.4,1.9,2.5,1.2246467991473532e-16,-1.0,-0.28842735,-0.6701145,-0.78910637,0,-0.7,La Niña
2011-07-01,27.070988,1.0,7,27.18561,-0.114622116,0.2,0.4,1.9,-0.4999999999999997,-0.8660254037844388,-0.2227459,-0.28842735,-0.6701145,0,-0.6,La Niña
2011-08-01,26.42309,0.4,8,26.803362,-0.3802719,1.0,0.2,0.4,-0.8660254037844384,-0.5000000000000004,-0.114622116,-0.2227459,-0.28842735,1,-0.4,Neutral
2011-09-01,26.021864,1.0,9,26.689117,-0.6672535,0.4,1.0,0.2,-1.0,-1.8369701987210297e-16,-0.3802719,-0.114622116,-0.2227459,0,-0.5,La Niña
2011-10-01,25.97704,0.8,10,26.646967,-0.6699276,1.0,0.4,1.0,-0.8660254037844386,0.5000000000000001,-0.6672535,-0.3802719,-0.114622116,0,-0.6,La Niña
2011-11-01,25.751043,1.1,11,26.667572,-0.9165287,0.8,1.0,0.4,-0.5000000000000004,0.8660254037844384,-0.6699276,-0.6672535,-0.3802719,0,-0.8,La Niña
2011-12-01,25.586824,2.5,12,26.522655,-0.93583107,1.1,0.8,1.0,-2.4492935982947064e-16,1.0,-0.9165287,-0.6699276,-0.6672535,0,-1.0,La Niña
2012-01-01,25.765425,1.1,1,26.448738,-0.68331337,2.5,1.1,0.8,0.49999999999999994,0.8660254037844387,-0.93583107,-0.9165287,-0.6699276,0,-1.0,La Niña
2012-02-01,26.114977,0.5,2,26.640648,-0.525671,1.1,2.5,1.1,0.8660254037844386,0.5000000000000001,-0.68331337,-0.93583107,-0.9165287,0,-1.0,La Niña
2012-03-01,26.735327,0.7,3,27.137852,-0.40252495,0.5,1.1,2.5,1.0,6.123233995736766e-17,-0.525671,-0.68331337,-0.93583107,0,-1.4,La Niña
2012-04-01,27.24224,-0.3,4,27.688173,-0.4459324,0.7,0.5,1.1,0.8660254037844387,-0.4999999999999998,-0.40252495,-0.525671,-0.68331337,0,-0.7,La Niña
2012-05-01,27.654333,0.0,5,27.753109,-0.09877586,-0.3,0.7,0.5,0.49999999999999994,-0.8660254037844387,-0.4459324,-0.40252495,-0.525671,0,-0.6,La Niña
2012-06-01,27.93836,-0.4,6,27.59718,0.3411808,0.0,-0.3,0.7,1.2246467991473532e-16,-1.0,-0.09877586,-0.4459324,-0.40252495,0,-0.5,La Niña
2012-07-01,27.536644,0.0,7,27.18561,0.35103416,-0.4,0.0,-0.3,-0.4999999999999997,-0.8660254037844388,0.3411808,-0.09877586,-0.4459324,1,-0.3,Neutral
2012-08-01,27.553452,-0.2,8,26.803362,0.75008965,0.0,-0.4,0.0,-0.8660254037844384,-0.5000000000000004,0.35103416,0.3411808,-0.09877586,1,0.0,Neutral
2012-09-01,27.14357,0.2,9,26.689117,0.4544525,-0.2,0.0,-0.4,-1.0,-1.8369701987210297e-16,0.75008965,0.35103416,0.3411808,1,0.2,Neutral
2012-10-01,27.0635,0.3,10,26.646967,0.41653252,0.2,-0.2,0.0,-0.8660254037844386,0.5000000000000001,0.4544525,0.75008965,0.35103416,1,0.4,Neutral
2012-11-01,27.261957,0.3,11,26.667572,0.59438515,0.3,0.2,-0.2,-0.5000000000000004,0.8660254037844384,0.41653252,0.4544525,0.75008965,1,0.4,Neutral
2012-12-01,26.079607,-0.6,12,26.522655,-0.44304848,0.3,0.3,0.2,-2.4492935982947064e-16,1.0,0.59438515,0.41653252,0.4544525,1,0.3,Neutral
2013-01-01,25.984468,-0.1,1,26.448738,-0.46426964,-0.6,0.3,0.3,0.49999999999999994,0.8660254037844387,-0.44304848,0.59438515,0.41653252,1,-0.2,Neutral
2013-02-01,26.15518,-0.2,2,26.640648,-0.4854679,-0.1,-0.6,0.3,0.8660254037844386,0.5000000000000001,-0.46426964,-0.44304848,0.59438515,1,-0.2,Neutral
2013-03-01,26.97331,1.5,3,27.137852,-0.16454124,-0.2,-0.1,-0.6,1.0,6.123233995736766e-17,-0.4854679,-0.46426964,-0.44304848,0,-0.9,La Niña
2013-04-01,27.8937,0.2,4,27.688173,0.20552635,1.5,-0.2,-0.1,0.8660254037844387,-0.4999999999999998,-0.16454124,-0.4854679,-0.46426964,1,-0.4,Neutral
2013-05-01,27.517414,0.8,5,27.753109,-0.23569489,0.2,1.5,-0.2,0.49999999999999994,-0.8660254037844387,0.20552635,-0.16454124,-0.4854679,1,-0.3,Neutral
2013-06-01,27.322418,1.2,6,27.59718,-0.2747612,0.8,0.2,1.5,1.2246467991473532e-16,-1.0,-0.23569489,0.20552635,-0.16454124,1,-0.3,Neutral
2013-07-01,26.983582,0.8,7,27.18561,-0.20202827,1.2,0.8,0.2,-0.4999999999999997,-0.8660254037844388,-0.2747612,-0.23569489,0.20552635,1,-0.4,Neutral
2013-08-01,26.340746,0.2,8,26.803362,-0.46261597,0.8,1.2,0.8,-0.8660254037844384,-0.5000000000000004,-0.20202827,-0.2747612,-0.23569489,1,-0.4,Neutral
2013-09-01,26.74879,0.3,9,26.689117,0.05967331,0.2,0.8,1.2,-1.0,-1.8369701987210297e-16,-0.46261597,-0.20202827,-0.2747612,1,-0.4,Neutral
2013-10-01,26.53519,-0.1,10,26.646967,-0.11177635,0.3,0.2,0.8,-0.8660254037844386,0.5000000000000001,0.05967331,-0.46261597,-0.20202827,1,-0.3,Neutral
2013-11-01,26.667532,0.7,11,26.667572,-4.005432e-05,-0.1,0.3,0.2,-0.5000000000000004,0.8660254037844384,-0.11177635,0.05967331,-0.46261597,1,-0.3,Neutral
2013-12-01,26.386524,0.1,12,26.522655,-0.13613129,0.7,-0.1,0.3,-2.4492935982947064e-16,1.0,-4.005432e-05,-0.11177635,0.05967331,1,-0.2,Neutral
2014-01-01,25.972643,1.4,1,26.448738,-0.4760952,0.1,0.7,-0.1,0.49999999999999994,0.8660254037844387,-0.13613129,-4.005432e-05,-0.11177635,1,-0.3,Neutral
2014-02-01,25.775015,0.1,2,26.640648,-0.865633,1.4,0.1,0.7,0.8660254037844386,0.5000000000000001,-0.4760952,-0.13613129,-4.005432e-05,1,-0.3,Neutral
2014-03-01,26.820137,-0.9,3,27.137852,-0.3177147,0.1,1.4,0.1,1.0,6.123233995736766e-17,-0.865633,-0.4760952,-0.13613129,1,-0.4,Neutral
2014-04-01,27.965694,0.8,4,27.688173,0.27752113,-0.9,0.1,1.4,0.8660254037844387,-0.4999999999999998,-0.3177147,-0.865633,-0.4760952,0,-0.5,La Niña
2014-05-01,28.317785,0.5,5,27.753109,0.5646763,0.8,-0.9,0.1,0.49999999999999994,-0.8660254037844387,0.27752113,-0.3177147,-0.865633,1,-0.3,Neutral
2014-06-01,28.1553,0.2,6,27.59718,0.5581207,0.5,0.8,-0.9,1.2246467991473532e-16,-1.0,0.5646763,0.27752113,-0.3177147,1,0.0,Neutral
2014-07-01,27.1892,-0.2,7,27.18561,0.0035896301,0.2,0.5,0.8,-0.4999999999999997,-0.8660254037844388,0.5581207,0.5646763,0.27752113,1,0.2,Neutral
2014-08-01,26.809134,-0.7,8,26.803362,0.005771637,-0.2,0.2,0.5,-0.8660254037844384,-0.5000000000000004,0.0035896301,0.5581207,0.5646763,1,0.2,Neutral
2014-09-01,27.017353,-0.7,9,26.689117,0.32823563,-0.7,-0.2,0.2,-1.0,-1.8369701987210297e-16,0.005771637,0.0035896301,0.5581207,1,0.0,Neutral
2014-10-01,27.139277,-0.6,10,26.646967,0.49230957,-0.7,-0.7,-0.2,-0.8660254037844386,0.5000000000000001,0.32823563,0.005771637,0.0035896301,1,0.1,Neutral
2014-11-01,27.515905,-0.9,11,26.667572,0.84833336,-0.6,-0.7,-0.7,-0.5000000000000004,0.8660254037844384,0.49230957,0.32823563,0.005771637,1,0.2,Neutral
2014-12-01,27.210386,-0.6,12,26.522655,0.6877308,-0.9,-0.6,-0.7,-2.4492935982947064e-16,1.0,0.84833336,0.49230957,0.32823563,2,0.5,El Niño
2015-01-01,26.996586,-0.8,1,26.448738,0.54784775,-0.6,-0.9,-0.6,0.49999999999999994,0.8660254037844387,0.6877308,0.84833336,0.49230957,2,0.7,El Niño
2015-02-01,27.416605,0.2,2,26.640648,0.7759571,-0.8,-0.6,-0.9,0.8660254037844386,0.5000000000000001,0.54784775,0.6877308,0.84833336,2,0.7,El Niño
2015-03-01,27.621899,-0.7,3,27.137852,0.48404694,0.2,-0.8,-0.6,1.0,6.123233995736766e-17,0.7759571,0.54784775,0.6877308,1,-0.4,Neutral
2015-04-01,28.613945,0.0,4,27.688173,0.9257717,-0.7,0.2,-0.8,0.8660254037844387,-0.4999999999999998,0.48404694,0.7759571,0.54784775,2,0.5,El Niño
2015-05-01,28.702211,-0.7,5,27.753109,0.9491024,0.0,-0.7,0.2,0.49999999999999994,-0.8660254037844387,0.9257717,0.48404694,0.7759571,2,0.5,El Niño
2015-06-01,28.736038,-0.6,6,27.59718,1.1388588,-0.7,0.0,-0.7,1.2246467991473532e-16,-1.0,0.9491024,0.9257717,0.48404694,2,0.7,El Niño
2015-07-01,28.55309,-1.1,7,27.18561,1.3674793,-0.6,-0.7,0.0,-0.4999999999999997,-0.8660254037844388,1.1388588,0.9491024,0.9257717,2,0.9,El Niño
2015-08-01,28.54696,-1.4,8,26.803362,1.7435989,-1.1,-0.6,-0.7,-0.8660254037844384,-0.5000000000000004,1.3674793,1.1388588,0.9491024,2,1.2,El Niño
2015-09-01,28.543629,-1.6,9,26.689117,1.8545113,-1.4,-1.1,-0.6,-1.0,-1.8369701987210297e-16,1.7435989,1.3674793,1.1388588,2,1.5,El Niño
2015-10-01,28.980122,-1.7,10,26.646967,2.3331547,-1.6,-1.4,-1.1,-0.8660254037844386,0.5000000000000001,1.8545113,1.7435989,1.3674793,2,1.9,El Niño
2015-11-01,29.566532,-0.5,11,26.667572,2.89896,-1.7,-1.6,-1.4,-0.5000000000000004,0.8660254037844384,2.3331547,1.8545113,1.7435989,2,2.2,El Niño
2015-12-01,29.038252,-0.6,12,26.522655,2.5155964,-0.5,-1.7,-1.6,-2.4492935982947064e-16,1.0,2.89896,2.3331547,1.8545113,2,2.4,El Niño
2016-01-01,29.039356,-2.2,1,26.448738,2.5906181,-0.6,-0.5,-1.7,0.49999999999999994,0.8660254037844387,2.5155964,2.89896,2.3331547,2,2.6,El Niño
2016-02-01,28.971956,-2.0,2,26.640648,2.3313084,-2.2,-0.6,-0.5,0.8660254037844386,0.5000000000000001,2.5906181,2.5155964,2.89896,2,2.6,El Niño
2016-03-01,28.825727,-0.1,3,27.137852,1.6878757,-2.0,-2.2,-0.6,1.0,6.123233995736766e-17,2.3313084,2.5906181,2.5155964,2,0.5,El Niño
2016-04-01,28.752428,-1.2,4,27.688173,1.0642548,-0.1,-2.0,-2.2,0.8660254037844387,-0.4999999999999998,1.6878757,2.3313084,2.5906181,2,2.1,El Niño
2016-05-01,28.060942,0.4,5,27.753109,0.30783272,-1.2,-0.1,-2.0,0.49999999999999994,-0.8660254037844387,1.0642548,1.6878757,2.3313084,2,1.6,El Niño
2016-06-01,27.621613,0.6,6,27.59718,0.024433136,0.4,-1.2,-0.1,1.2246467991473532e-16,-1.0,0.30783272,1.0642548,1.6878757,2,0.9,El Niño
2016-07-01,26.761433,0.4,7,27.18561,-0.42417717,0.6,0.4,-1.2,-0.4999999999999997,-0.8660254037844388,0.024433136,0.30783272,1.0642548,1,0.4,Neutral
2016-08-01,26.306093,0.7,8,26.803362,-0.49726868,0.4,0.6,0.4,-0.8660254037844384,-0.5000000000000004,-0.42417717,0.024433136,0.30783272,1,-0.1,Neutral
2016-09-01,26.230932,1.2,9,26.689117,-0.4581852,0.7,0.4,0.6,-1.0,-1.8369701987210297e-16,-0.49726868,-0.42417717,0.024433136,1,-0.4,Neutral
2016-10-01,25.964632,-0.3,10,26.646967,-0.6823349,1.2,0.7,0.4,-0.8660254037844386,0.5000000000000001,-0.4581852,-0.49726868,-0.42417717,0,-0.5,La Niña
2016-11-01,26.08006,-0.1,11,26.667572,-0.58751297,-0.3,1.2,0.7,-0.5000000000000004,0.8660254037844384,-0.6823349,-0.4581852,-0.49726868,0,-0.6,La Niña
2016-12-01,26.212652,0.3,12,26.522655,-0.31000328,-0.1,-0.3,1.2,-2.4492935982947064e-16,1.0,-0.58751297,-0.6823349,-0.4581852,0,-0.7,La Niña
2017-01-01,26.202667,0.2,1,26.448738,-0.24607086,0.3,-0.1,-0.3,0.49999999999999994,0.8660254037844387,-0.31000328,-0.58751297,-0.6823349,0,-0.6,La Niña
2017-02-01,26.757366,-0.1,2,26.640648,0.11671829,0.2,0.3,-0.1,0.8660254037844386,0.5000000000000001,-0.24607086,-0.31000328,-0.58751297,0,-0.6,La Niña
2017-03-01,27.36449,0.9,3,27.137852,0.2266388,-0.1,0.2,0.3,1.0,6.123233995736766e-17,0.11671829,-0.24607086,-0.31000328,2,2.5,El Niño
2017-04-01,28.114231,-0.2,4,27.688173,0.42605782,0.9,-0.1,0.2,0.8660254037844387,-0.4999999999999998,0.2266388,0.11671829,-0.24607086,1,-0.2,Neutral
2017-05-01,28.254454,0.3,5,27.753109,0.5013447,-0.2,0.9,-0.1,0.49999999999999994,-0.8660254037844387,0.42605782,0.2266388,0.11671829,1,0.1,Neutral
2017-06-01,28.05019,-0.4,6,27.59718,0.45301056,0.3,-0.2,0.9,1.2246467991473532e-16,-1.0,0.5013447,0.42605782,0.2266388,1,0.2,Neutral
2017-07-01,27.517817,0.8,7,27.18561,0.33220673,-0.4,0.3,-0.2,-0.4999999999999997,-0.8660254037844388,0.45301056,0.5013447,0.42605782,1,0.3,Neutral
2017-08-01,26.755695,0.5,8,26.803362,-0.04766655,0.8,-0.4,0.3,-0.8660254037844384,-0.5000000000000004,0.33220673,0.45301056,0.5013447,1,0.3,Neutral
2017-09-01,26.360937,0.6,9,26.689117,-0.3281803,0.5,0.8,-0.4,-1.0,-1.8369701987210297e-16,-0.04766655,0.33220673,0.45301056,1,0.1,Neutral
2017-10-01,26.304718,0.9,10,26.646967,-0.34224892,0.6,0.5,0.8,-0.8660254037844386,0.5000000000000001,-0.3281803,-0.04766655,0.33220673,1,-0.1,Neutral
2017-11-01,25.798208,0.9,11,26.667572,-0.8693638,0.9,0.6,0.5,-0.5000000000000004,0.8660254037844384,-0.34224892,-0.3281803,-0.04766655,1,-0.4,Neutral
2017-12-01,25.60604,-0.1,12,26.522655,-0.91661644,0.9,0.9,0.6,-2.4492935982947064e-16,1.0,-0.8693638,-0.34224892,-0.3281803,0,-0.7,La Niña
2018-01-01,25.766521,1.1,1,26.448738,-0.68221664,-0.1,0.9,0.9,0.49999999999999994,0.8660254037844387,-0.91661644,-0.8693638,-0.34224892,0,-1.0,La Niña
2018-02-01,25.962015,-0.5,2,26.640648,-0.67863274,1.1,-0.1,0.9,0.8660254037844386,0.5000000000000001,-0.68221664,-0.91661644,-0.8693638,0,-1.0,La Niña
2018-03-01,26.405668,1.5,3,27.137852,-0.73218346,-0.5,1.1,-0.1,1.0,6.123233995736766e-17,-0.67863274,-0.68221664,-0.91661644,1,-0.3,Neutral
2018-04-01,27.23841,0.5,4,27.688173,-0.44976234,1.5,-0.5,1.1,0.8660254037844387,-0.4999999999999998,-0.73218346,-0.67863274,-0.68221664,0,-0.9,La Niña
2018-05-01,27.720871,0.4,5,27.753109,-0.032238007,0.5,1.5,-0.5,0.49999999999999994,-0.8660254037844387,-0.44976234,-0.73218346,-0.67863274,0,-0.7,La Niña
2018-06-01,27.830868,-0.1,6,27.59718,0.23368835,0.4,0.5,1.5,1.2246467991473532e-16,-1.0,-0.032238007,-0.44976234,-0.73218346,0,-0.5,La Niña
2018-07-01,27.472727,0.2,7,27.18561,0.287117,-0.1,0.4,0.5,-0.4999999999999997,-0.8660254037844388,0.23368835,-0.032238007,-0.44976234,1,-0.2,Neutral
2018-08-01,27.122475,-0.3,8,26.803362,0.31911278,0.2,-0.1,0.4,-0.8660254037844384,-0.5000000000000004,0.287117,0.23368835,-0.032238007,1,0.0,Neutral
2018-09-01,27.031113,-0.9,9,26.689117,0.34199524,-0.3,0.2,-0.1,-1.0,-1.8369701987210297e-16,0.31911278,0.287117,0.23368835,1,0.1,Neutral
2018-10-01,27.589128,0.4,10,26.646967,0.94216156,-0.9,-0.3,0.2,-0.8660254037844386,0.5000000000000001,0.34199524,0.31911278,0.287117,1,0.2,Neutral
2018-11-01,27.639048,-0.1,11,26.667572,0.9714756,0.4,-0.9,-0.3,-0.5000000000000004,0.8660254037844384,0.94216156,0.34199524,0.31911278,2,0.5,El Niño
2018-12-01,27.49366,1.0,12,26.522655,0.9710045,-0.1,0.4,-0.9,-2.4492935982947064e-16,1.0,0.9714756,0.94216156,0.34199524,2,0.8,El Niño
2019-01-01,27.17855,0.0,1,26.448738,0.7298126,1.0,-0.1,0.4,0.49999999999999994,0.8660254037844387,0.9710045,0.9714756,0.94216156,2,0.8,El Niño
2019-02-01,27.386335,-1.4,2,26.640648,0.7456875,0.0,1.0,-0.1,0.8660254037844386,0.5000000000000001,0.7298126,0.9710045,0.9714756,2,0.8,El Niño
2019-03-01,28.185188,-0.3,3,27.137852,1.0473366,-1.4,0.0,1.0,1.0,6.123233995736766e-17,0.7456875,0.7298126,0.9710045,0,-0.9,La Niña
2019-04-01,28.506292,0.1,4,27.688173,0.81811905,-0.3,-1.4,0.0,0.8660254037844387,-0.4999999999999998,1.0473366,0.7456875,0.7298126,2,0.7,El Niño
2019-05-01,28.60256,-0.4,5,27.753109,0.84945107,0.1,-0.3,-1.4,0.49999999999999994,-0.8660254037844387,0.81811905,1.0473366,0.7456875,2,0.7,El Niño
2019-06-01,28.27625,-0.5,6,27.59718,0.6790714,-0.4,0.1,-0.3,1.2246467991473532e-16,-1.0,0.84945107,0.81811905,1.0473366,2,0.7,El Niño
2019-07-01,27.67516,-0.4,7,27.18561,0.48954964,-0.5,-0.4,0.1,-0.4999999999999997,-0.8660254037844388,0.6790714,0.84945107,0.81811905,2,0.5,El Niño
2019-08-01,26.98443,-0.1,8,26.803362,0.18106842,-0.4,-0.5,-0.4,-0.8660254037844384,-0.5000000000000004,0.48954964,0.6790714,0.84945107,2,0.5,El Niño
2019-09-01,26.676912,-1.2,9,26.689117,-0.012205124,-0.1,-0.4,-0.5,-1.0,-1.8369701987210297e-16,0.18106842,0.48954964,0.6790714,1,0.3,Neutral
2019-10-01,27.23467,-0.4,10,26.646967,0.5877037,-1.2,-0.1,-0.4,-0.8660254037844386,0.5000000000000001,-0.012205124,0.18106842,0.48954964,1,0.1,Neutral
2019-11-01,27.21705,-0.8,11,26.667572,0.54947853,-0.4,-1.2,-0.1,-0.5000000000000004,0.8660254037844384,0.5877037,-0.012205124,0.18106842,1,0.2,Neutral
2019-12-01,26.9973,-0.6,12,26.522655,0.4746437,-0.8,-0.4,-1.2,-2.4492935982947064e-16,1.0,0.54947853,0.5877037,-0.012205124,1,0.3,Neutral
2020-01-01,27.019789,0.2,1,26.448738,0.57105064,-0.6,-0.8,-0.4,0.49999999999999994,0.8660254037844387,0.4746437,0.54947853,0.5877037,2,0.5,El Niño
2020-02-01,27.015211,-0.1,2,26.640648,0.37456322,0.2,-0.6,-0.8,0.8660254037844386,0.5000000000000001,0.57105064,0.4746437,0.54947853,2,0.5,El Niño
2020-03-01,27.658554,-0.1,3,27.137852,0.52070236,-0.1,0.2,-0.6,1.0,6.123233995736766e-17,0.37456322,0.57105064,0.4746437,2,0.7,El Niño
2020-04-01,28.181074,0.2,4,27.688173,0.49290085,-0.1,-0.1,0.2,0.8660254037844387,-0.4999999999999998,0.52070236,0.37456322,0.57105064,2,0.5,El Niño
2020-05-01,27.591845,0.4,5,27.753109,-0.16126442,0.2,-0.1,-0.1,0.49999999999999994,-0.8660254037844387,0.49290085,0.52070236,0.37456322,1,0.4,Neutral
2020-06-01,27.368895,-0.4,6,27.59718,-0.22828484,0.4,0.2,-0.1,1.2246467991473532e-16,-1.0,-0.16126442,0.49290085,0.52070236,1,0.2,Neutral
2020-07-01,27.085396,0.4,7,27.18561,-0.100214005,-0.4,0.4,0.2,-0.4999999999999997,-0.8660254037844388,-0.22828484,-0.16126442,0.49290085,1,-0.1,Neutral
2020-08-01,26.272928,1.1,8,26.803362,-0.53043365,0.4,-0.4,0.4,-0.8660254037844384,-0.5000000000000004,-0.100214005,-0.22828484,-0.16126442,1,-0.3,Neutral
2020-09-01,26.02846,0.9,9,26.689117,-0.6606579,1.1,0.4,-0.4,-1.0,-1.8369701987210297e-16,-0.53043365,-0.100214005,-0.22828484,1,-0.4,Neutral
2020-10-01,25.534765,0.5,10,26.646967,-1.1122017,0.9,1.1,0.4,-0.8660254037844386,0.5000000000000001,-0.6606579,-0.53043365,-0.100214005,0,-0.6,La Niña
2020-11-01,25.496685,0.7,11,26.667572,-1.170887,0.5,0.9,1.1,-0.5000000000000004,0.8660254037844384,-1.1122017,-0.6606579,-0.53043365,0,-0.9,La Niña
2020-12-01,25.558973,1.8,12,26.522655,-0.9636822,0.7,0.5,0.9,-2.4492935982947064e-16,1.0,-1.170887,-1.1122017,-0.6606579,0,-1.2,La Niña
2021-01-01,25.568077,1.9,1,26.448738,-0.880661,1.8,0.7,0.5,0.49999999999999994,0.8660254037844387,-0.9636822,-1.170887,-1.1122017,0,-1.2,La Niña
2021-02-01,25.781958,1.5,2,26.640648,-0.85869026,1.9,1.8,0.7,0.8660254037844386,0.5000000000000001,-0.880661,-0.9636822,-1.170887,0,-1.2,La Niña
2021-03-01,26.62759,0.4,3,27.137852,-0.51026154,1.5,1.9,1.8,1.0,6.123233995736766e-17,-0.85869026,-0.880661,-0.9636822,2,0.5,El Niño
2021-04-01,27.19071,0.3,4,27.688173,-0.49746323,0.4,1.5,1.9,0.8660254037844387,-0.4999999999999998,-0.51026154,-0.85869026,-0.880661,0,-0.9,La Niña
2021-05-01,27.523205,0.5,5,27.753109,-0.22990417,0.3,0.4,1.5,0.49999999999999994,-0.8660254037844387,-0.49746323,-0.51026154,-0.85869026,0,-0.8,La Niña
2021-06-01,27.640144,0.4,6,27.59718,0.042964935,0.5,0.3,0.4,1.2246467991473532e-16,-1.0,-0.22990417,-0.49746323,-0.51026154,0,-0.7,La Niña
2021-07-01,27.053349,1.4,7,27.18561,-0.13226128,0.4,0.5,0.3,-0.4999999999999997,-0.8660254037844388,0.042964935,-0.22990417,-0.49746323,0,-0.5,La Niña
2021-08-01,26.544363,0.6,8,26.803362,-0.25899887,1.4,0.4,0.5,-0.8660254037844384,-0.5000000000000004,-0.13226128,0.042964935,-0.22990417,1,-0.4,Neutral
2021-09-01,26.425093,0.8,9,26.689117,-0.26402473,0.6,1.4,0.4,-1.0,-1.8369701987210297e-16,-0.25899887,-0.13226128,0.042964935,1,-0.4,Neutral
2021-10-01,25.902649,0.7,10,26.646967,-0.744318,0.8,0.6,1.4,-0.8660254037844386,0.5000000000000001,-0.26402473,-0.25899887,-0.13226128,0,-0.5,La Niña
2021-11-01,25.87973,1.0,11,26.667572,-0.7878418,0.7,0.8,0.6,-0.5000000000000004,0.8660254037844384,-0.744318,-0.26402473,-0.25899887,0,-0.7,La Niña
2021-12-01,25.511395,1.5,12,26.522655,-1.011261,1.0,0.7,0.8,-2.4492935982947064e-16,1.0,-0.7878418,-0.744318,-0.26402473,0,-0.8,La Niña
2022-01-01,25.651445,0.5,1,26.448738,-0.7972927,1.5,1.0,0.7,0.49999999999999994,0.8660254037844387,-1.011261,-0.7878418,-0.744318,0,-1.0,La Niña
2022-02-01,25.945805,1.1,2,26.640648,-0.6948433,0.5,1.5,1.0,0.8660254037844386,0.5000000000000001,-0.7972927,-1.011261,-0.7878418,0,-1.0,La Niña
2022-03-01,26.282152,1.8,3,27.137852,-0.85569954,1.1,0.5,1.5,1.0,6.123233995736766e-17,-0.6948433,-0.7972927,-1.011261,0,-1.0,La Niña
2022-04-01,26.780153,1.7,4,27.688173,-0.90802,1.8,1.1,0.5,0.8660254037844387,-0.4999999999999998,-0.85569954,-0.6948433,-0.7972927,0,-0.9,La Niña
2022-05-01,26.77652,1.4,5,27.753109,-0.9765892,1.7,1.8,1.1,0.49999999999999994,-0.8660254037844387,-0.90802,-0.85569954,-0.6948433,0,-1.0,La Niña
2022-06-01,27.00581,1.7,6,27.59718,-0.5913696,1.4,1.7,1.8,1.2246467991473532e-16,-1.0,-0.9765892,-0.90802,-0.85569954,0,-1.1,La Niña
2022-07-01,26.60498,0.8,7,27.18561,-0.58062935,1.7,1.4,1.7,-0.4999999999999997,-0.8660254037844388,-0.5913696,-0.9765892,-0.90802,0,-1.0,La Niña
2022-08-01,25.85654,1.0,8,26.803362,-0.9468212,0.8,1.7,1.4,-0.8660254037844384,-0.5000000000000004,-0.58062935,-0.5913696,-0.9765892,0,-0.9,La Niña
2022-09-01,25.764645,1.6,9,26.689117,-0.9244728,1.0,0.8,1.7,-1.0,-1.8369701987210297e-16,-0.9468212,-0.58062935,-0.5913696,0,-0.8,La Niña
2022-10-01,25.86318,1.7,10,26.646967,-0.7837868,1.6,1.0,0.8,-0.8660254037844386,0.5000000000000001,-0.9244728,-0.9468212,-0.58062935,0,-0.9,La Niña
2022-11-01,25.80557,0.3,11,26.667572,-0.8620014,1.7,1.6,1.0,-0.5000000000000004,0.8660254037844384,-0.7837868,-0.9244728,-0.9468212,0,-1.0,La Niña
2022-12-01,25.729197,2.1,12,26.522655,-0.79345894,0.3,1.7,1.6,-2.4492935982947064e-16,1.0,-0.8620014,-0.7837868,-0.9244728,0,-1.0,La Niña
2023-01-01,25.804783,1.4,1,26.448738,-0.64395523,2.1,0.3,1.7,0.49999999999999994,0.8660254037844387,-0.79345894,-0.8620014,-0.7837868,0,-0.8,La Niña
2023-02-01,26.199661,1.4,2,26.640648,-0.44098663,1.4,2.1,0.3,0.8660254037844386,0.5000000000000001,-0.64395523,-0.79345894,-0.8620014,0,-0.8,La Niña
2023-03-01,27.16353,0.2,3,27.137852,0.025678635,1.4,1.4,2.1,1.0,6.123233995736766e-17,-0.44098663,-0.64395523,-0.79345894,0,-1.0,La Niña
2023-04-01,27.95862,0.2,4,27.688173,0.27044678,0.2,1.4,1.4,0.8660254037844387,-0.4999999999999998,0.025678635,-0.44098663,-0.64395523,1,-0.4,Neutral
2023-05-01,28.323776,-1.0,5,27.753109,0.57066727,0.2,0.2,1.4,0.49999999999999994,-0.8660254037844387,0.27044678,0.025678635,-0.44098663,1,-0.1,Neutral
2023-06-01,28.600351,0.3,6,27.59718,1.0031719,-1.0,0.2,0.2,1.2246467991473532e-16,-1.0,0.57066727,0.27044678,0.025678635,1,0.2,Neutral
2023-07-01,28.32966,-0.3,7,27.18561,1.1440506,0.3,-1.0,0.2,-0.4999999999999997,-0.8660254037844388,1.0031719,0.57066727,0.27044678,2,0.5,El Niño
2023-08-01,28.171473,-0.8,8,26.803362,1.3681107,-0.3,0.3,-1.0,-0.8660254037844384,-0.5000000000000004,1.1440506,1.0031719,0.57066727,2,0.8,El Niño
2023-09-01,28.28327,-1.3,9,26.689117,1.5941525,-0.8,-0.3,0.3,-1.0,-1.8369701987210297e-16,1.3681107,1.1440506,1.0031719,2,1.1,El Niño
2023-10-01,28.313309,-0.5,10,26.646967,1.6663418,-1.3,-0.8,-0.3,-0.8660254037844386,0.5000000000000001,1.5941525,1.3681107,1.1440506,2,1.3,El Niño
2023-11-01,28.670547,-0.8,11,26.667572,2.0029755,-0.5,-1.3,-0.8,-0.5000000000000004,0.8660254037844384,1.6663418,1.5941525,1.3681107,2,1.6,El Niño
2023-12-01,28.587444,-0.2,12,26.522655,2.0647888,-0.8,-0.5,-1.3,-2.4492935982947064e-16,1.0,2.0029755,1.6663418,1.5941525,2,1.8,El Niño
2024-01-01,28.296015,0.5,1,26.448738,1.8472767,-0.2,-0.8,-0.5,0.49999999999999994,0.8660254037844387,2.0647888,2.0029755,1.6663418,2,2.0,El Niño
2024-02-01,28.226324,-1.4,2,26.640648,1.5856762,0.5,-0.2,-0.8,0.8660254037844386,0.5000000000000001,1.8472767,2.0647888,2.0029755,2,2.0,El Niño
2024-03-01,28.428413,0.4,3,27.137852,1.2905617,-1.4,0.5,-0.2,1.0,6.123233995736766e-17,1.5856762,1.8472767,2.0647888,0,-0.7,La Niña
2024-04-01,28.608782,-0.2,4,27.688173,0.9206085,0.4,-1.4,0.5,0.8660254037844387,-0.4999999999999998,1.2905617,1.5856762,1.8472767,2,1.5,El Niño
2024-05-01,28.114504,0.5,5,27.753109,0.36139488,-0.2,0.4,-1.4,0.49999999999999994,-0.8660254037844387,0.9206085,1.2905617,1.5856762,2,1.1,El Niño
2024-06-01,27.885939,0.0,6,27.59718,0.28875923,0.5,-0.2,0.4,1.2246467991473532e-16,-1.0,0.36139488,0.9206085,1.2905617,2,0.7,El Niño
2024-07-01,27.419231,-0.7,7,27.18561,0.2336216,0.0,0.5,-0.2,-0.4999999999999997,-0.8660254037844388,0.28875923,0.36139488,0.9206085,1,0.4,Neutral
2024-08-01,26.77493,0.9,8,26.803362,-0.028432846,-0.7,0.0,0.5,-0.8660254037844384,-0.5000000000000004,0.2336216,0.28875923,0.36139488,1,0.2,Neutral
2024-09-01,26.43956,-0.1,9,26.689117,-0.2495575,0.9,-0.7,0.0,-1.0,-1.8369701987210297e-16,-0.028432846,0.2336216,0.28875923,1,0.0,Neutral
2024-10-01,26.374523,0.5,10,26.646967,-0.27244377,-0.1,0.9,-0.7,-0.8660254037844386,0.5000000000000001,-0.2495575,-0.028432846,0.2336216,1,-0.1,Neutral
2024-11-01,26.644098,0.5,11,26.667572,-0.02347374,0.5,-0.1,0.9,-0.5000000000000004,0.8660254037844384,-0.27244377,-0.2495575,-0.028432846,1,-0.2,Neutral
2024-12-01,25.947409,1.2,12,26.522655,-0.5752468,0.5,0.5,-0.1,-2.4492935982947064e-16,1.0,-0.02347374,-0.27244377,-0.2495575,1,-0.3,Neutral
